<metadata xml:lang="en"><Esri><CreaDate>20230411</CreaDate><CreaTime>14061100</CreaTime><ArcGISFormat>1.0</ArcGISFormat><SyncOnce>FALSE</SyncOnce><DataProperties><lineage><Process ToolSource="c:\program files\arcgis\pro\Resources\ArcToolbox\toolboxes\Data Management Tools.tbx\CreateFeatureclass" Date="20211201" Time="143823">CreateFeatureclass C:\Users\mkh47487\Documents\ArcGIS\Projects\SentinelsShapes\SentinelsShapes.gdb WolfCreek Polygon # No Yes "PROJCS['NAD_1983_HARN_StatePlane_Virginia_South_FIPS_4502_Feet',GEOGCS['GCS_North_American_1983_HARN',DATUM['D_North_American_1983_HARN',SPHEROID['GRS_1980',6378137.0,298.257222101]],PRIMEM['Greenwich',0.0],UNIT['Degree',0.0174532925199433]],PROJECTION['Lambert_Conformal_Conic'],PARAMETER['False_Easting',11482916.66666666],PARAMETER['False_Northing',3280833.333333333],PARAMETER['Central_Meridian',-78.5],PARAMETER['Standard_Parallel_1',36.76666666666667],PARAMETER['Standard_Parallel_2',37.96666666666667],PARAMETER['Latitude_Of_Origin',36.33333333333334],UNIT['Foot_US',0.3048006096012192]];-111140600 -91532100 3048.00609601219;-100000 10000;-100000 10000;3.28083333333333E-03;0.001;0.001;IsHighPrecision" # # # # #</Process><Process ToolSource="c:\program files\arcgis\pro\Resources\ArcToolbox\toolboxes\Data Management Tools.tbx\UpdateSchema" Date="20211201" Time="151115">UpdateSchema "CIMDATA=&lt;CIMStandardDataConnection xsi:type='typens:CIMStandardDataConnection' xmlns:xsi='http://www.w3.org/2001/XMLSchema-instance' xmlns:xs='http://www.w3.org/2001/XMLSchema' xmlns:typens='http://www.esri.com/schemas/ArcGIS/2.6.0'&gt;&lt;WorkspaceConnectionString&gt;DATABASE=C:\Users\mkh47487\Documents\ArcGIS\Projects\SentinelsShapes\SentinelsShapes.gdb&lt;/WorkspaceConnectionString&gt;&lt;WorkspaceFactory&gt;FileGDB&lt;/WorkspaceFactory&gt;&lt;Dataset&gt;WolfCreek&lt;/Dataset&gt;&lt;DatasetType&gt;esriDTFeatureClass&lt;/DatasetType&gt;&lt;/CIMStandardDataConnection&gt;" &lt;operationSequence&gt;&lt;workflow&gt;&lt;AddField&gt;&lt;field_name&gt;site&lt;/field_name&gt;&lt;field_type&gt;TEXT&lt;/field_type&gt;&lt;field_length&gt;255&lt;/field_length&gt;&lt;field_alias&gt;site&lt;/field_alias&gt;&lt;field_is_nullable&gt;True&lt;/field_is_nullable&gt;&lt;field_is_required&gt;False&lt;/field_is_required&gt;&lt;/AddField&gt;&lt;/workflow&gt;&lt;/operationSequence&gt;</Process><Process ToolSource="c:\program files\arcgis\pro\Resources\ArcToolbox\toolboxes\Data Management Tools.tbx\Merge" Date="20211201" Time="151911">Merge WolfCreek_D;NorthRiver_D;Christiansburg_D;Pound_D;Aquia_D;Blacksburg_D;Lynchburg_D;MooresCreek_D;Richmond_D;PeppersFerry_D;Danville_D;Coeburn_D;ParkinsMill_D;LittleFallsRun_D;Purcellville_D;ARenew_D;Mooney_D;UOSA_D;HRSD C:\Users\mkh47487\Documents\ArcGIS\Projects\SentinelsShapes\SentinelsShapes.gdb\WolfCreek_D_Merge "Shape_Length "Shape_Length" false true true 8 Double 0 0,First,#,WolfCreek_D,Shape_Length,-1,-1,NorthRiver_D,Shape_Length,-1,-1,Christiansburg_D,Shape_Length,-1,-1,Pound_D,Shape_Length,-1,-1,Aquia_D,Shape_Length,-1,-1,Blacksburg_D,Shape_Length,-1,-1,Lynchburg_D,Shape_Length,-1,-1,MooresCreek_D,Shape_Length,-1,-1,Richmond_D,Shape_Length,-1,-1,PeppersFerry_D,Shape_Length,-1,-1,Danville_D,Shape_Length,-1,-1,Coeburn_D,Shape_Length,-1,-1,Purcellville_D,Shape_Length,-1,-1,ARenew_D,Shape_Length,-1,-1,Mooney_D,Shape_Length,-1,-1,UOSA_D,Shape_Length,-1,-1;Shape_Area "Shape_Area" false true true 8 Double 0 0,First,#,WolfCreek_D,Shape_Area,-1,-1,NorthRiver_D,Shape_Area,-1,-1,Christiansburg_D,Shape_Area,-1,-1,Pound_D,Shape_Area,-1,-1,Aquia_D,Shape_Area,-1,-1,Blacksburg_D,Shape_Area,-1,-1,Lynchburg_D,Shape_Area,-1,-1,MooresCreek_D,Shape_Area,-1,-1,Richmond_D,Shape_Area,-1,-1,PeppersFerry_D,Shape_Area,-1,-1,Danville_D,Shape_Area,-1,-1,Coeburn_D,Shape_Area,-1,-1,ParkinsMill_D,SHAPE_Area,-1,-1,Purcellville_D,Shape_Area,-1,-1,ARenew_D,Shape_Area,-1,-1,Mooney_D,Shape_Area,-1,-1,UOSA_D,Shape_Area,-1,-1;site "site" true true false 255 Text 0 0,First,#,WolfCreek_D,site,0,255,NorthRiver_D,site,0,255,Christiansburg_D,site,0,254,Pound_D,site,0,255,Aquia_D,site,0,254,Blacksburg_D,site,0,254,Lynchburg_D,site,0,254,MooresCreek_D,site,0,254,Richmond_D,site,0,255,PeppersFerry_D,site,0,255,Danville_D,site,0,255,Coeburn_D,site,0,255,ParkinsMill_D,site,0,254,LittleFallsRun_D,site,0,254,Purcellville_D,site,0,255,ARenew_D,site,0,255,Mooney_D,site,0,255,UOSA_D,site,0,255,HRSD,site,0,254;OBJECTID "OBJECTID" true true false 10 Long 0 10,First,#,ParkinsMill_D,OBJECTID,-1,-1;SHAPE_Leng "SHAPE_Leng" true true false 19 Double 0 0,First,#,ParkinsMill_D,SHAPE_Leng,-1,-1;Length "Length" true true false 4 Long 0 0,First,#,Purcellville_D,Length,-1,-1" NO_SOURCE_INFO</Process><Process ToolSource="c:\program files\arcgis\pro\Resources\ArcToolbox\Toolboxes\Data Management Tools.tbx\DeleteField" Date="20220113" Time="122919">DeleteField Most_Merged OBJECTID</Process><Process ToolSource="c:\program files\arcgis\pro\Resources\ArcToolbox\toolboxes\Data Management Tools.tbx\Merge" Date="20220113" Time="125538">Merge Total27;TP_SA_merge C:\Users\mkh47487\Desktop\SMS\Sewersheds\Total27\Default.gdb\Total27_Merge2 "site "site" true true false 255 Text 0 0,First,#,Total27,site,0,255,TP_SA_merge,site,0,254;SHAPE_Leng "SHAPE_Leng" true true false 8 Double 0 0,First,#,Total27,SHAPE_Leng,-1,-1;Length "Length" true true false 4 Long 0 0,First,#,Total27,Length,-1,-1;Shape_Length "Shape_Length" false true true 8 Double 0 0,First,#,Total27,Shape_Length,-1,-1;Shape_Area "Shape_Area" false true true 8 Double 0 0,First,#,Total27,Shape_Area,-1,-1" NO_SOURCE_INFO</Process><Process ToolSource="c:\program files\arcgis\pro\Resources\ArcToolbox\toolboxes\Data Management Tools.tbx\Merge" Date="20220125" Time="172205">Merge Total27_PLUS;Roanoke C:\Users\mkh47487\Desktop\SMS\Sewersheds\Total27\Default.gdb\Total28_PLUS "site "site" true true false 255 Text 0 0,First,#,Total27_PLUS,site,0,255,Roanoke,site,0,255;SHAPE_Leng "SHAPE_Leng" true true false 8 Double 0 0,First,#,Total27_PLUS,SHAPE_Leng,-1,-1,Roanoke,SHAPE_Leng,-1,-1;Length "Length" true true false 4 Long 0 0,First,#,Total27_PLUS,Length,-1,-1,Roanoke,Length,-1,-1;Shape_Length "Shape_Length" false true true 8 Double 0 0,First,#,Total27_PLUS,Shape_Length,-1,-1,Roanoke,Shape_Length,-1,-1;Shape_Area "Shape_Area" false true true 8 Double 0 0,First,#,Total27_PLUS,Shape_Area,-1,-1,Roanoke,Shape_Area,-1,-1" NO_SOURCE_INFO</Process><Process ToolSource="c:\program files\arcgis\pro\Resources\ArcToolbox\toolboxes\Data Management Tools.tbx\Merge" Date="20220215" Time="233346">Merge Total28_PLUS;HRSD_Onancock;RutledgeCreek;Parkins_Mill_SBasin C:\Users\mkh47487\Desktop\SMS\Sewersheds\Total27\Default.gdb\Total31 "site "site" true true false 255 Text 0 0,First,#,Total28_PLUS,site,0,255,HRSD_Onancock,site,0,255,RutledgeCreek,site,0,255,Parkins_Mill_SBasin,site,0,254;SHAPE_Leng "SHAPE_Leng" true true false 8 Double 0 0,First,#,Total28_PLUS,SHAPE_Leng,-1,-1,HRSD_Onancock,SHAPE_Leng,-1,-1,RutledgeCreek,SHAPE_Leng,-1,-1;Length "Length" true true false 4 Long 0 0,First,#,Total28_PLUS,Length,-1,-1,HRSD_Onancock,Length,-1,-1,RutledgeCreek,Length,-1,-1;Shape_Length "Shape_Length" false true true 8 Double 0 0,First,#,Total28_PLUS,Shape_Length,-1,-1,HRSD_Onancock,Shape_Length,-1,-1,RutledgeCreek,Shape_Length,-1,-1;Shape_Area "Shape_Area" false true true 8 Double 0 0,First,#,Total28_PLUS,Shape_Area,-1,-1,HRSD_Onancock,Shape_Area,-1,-1,RutledgeCreek,Shape_Area,-1,-1;OBJECTID "OBJECTID" true true false 10 Long 0 10,First,#,Parkins_Mill_SBasin,OBJECTID,-1,-1;Name "Name" true true false 60 Text 0 0,First,#,Parkins_Mill_SBasin,Name,0,60;WetWellCap "WetWellCap" true true false 19 Double 0 0,First,#,Parkins_Mill_SBasin,WetWellCap,-1,-1;PSDischarg "PSDischarg" true true false 19 Double 0 0,First,#,Parkins_Mill_SBasin,PSDischarg,-1,-1;WaterMeter "WaterMeter" true true false 19 Double 0 0,First,#,Parkins_Mill_SBasin,WaterMeter,-1,-1;BasinArea "BasinArea" true true false 19 Double 0 0,First,#,Parkins_Mill_SBasin,BasinArea,-1,-1;File_Locat "File_Locat" true true false 60 Text 0 0,First,#,Parkins_Mill_SBasin,File_Locat,0,60;Shape_STAr "Shape_STAr" true true false 19 Double 0 0,First,#,Parkins_Mill_SBasin,Shape_STAr,-1,-1;Shape_STLe "Shape_STLe" true true false 19 Double 0 0,First,#,Parkins_Mill_SBasin,Shape_STLe,-1,-1" NO_SOURCE_INFO</Process><Process ToolSource="c:\program files\arcgis\pro\Resources\ArcToolbox\Toolboxes\Data Management Tools.tbx\UpdateSchema" Date="20220215" Time="234259">UpdateSchema "CIMDATA=&lt;CIMStandardDataConnection xsi:type='typens:CIMStandardDataConnection' xmlns:xsi='http://www.w3.org/2001/XMLSchema-instance' xmlns:xs='http://www.w3.org/2001/XMLSchema' xmlns:typens='http://www.esri.com/schemas/ArcGIS/2.6.0'&gt;&lt;WorkspaceConnectionString&gt;DATABASE=C:\Users\mkh47487\Desktop\SMS\Sewersheds\Total27\Default.gdb&lt;/WorkspaceConnectionString&gt;&lt;WorkspaceFactory&gt;FileGDB&lt;/WorkspaceFactory&gt;&lt;Dataset&gt;Total31&lt;/Dataset&gt;&lt;DatasetType&gt;esriDTFeatureClass&lt;/DatasetType&gt;&lt;/CIMStandardDataConnection&gt;" &lt;operationSequence&gt;&lt;workflow&gt;&lt;DeleteField&gt;&lt;field_name&gt;WetWellCap&lt;/field_name&gt;&lt;/DeleteField&gt;&lt;/workflow&gt;&lt;/operationSequence&gt;</Process><Process ToolSource="c:\program files\arcgis\pro\Resources\ArcToolbox\Toolboxes\Data Management Tools.tbx\UpdateSchema" Date="20220215" Time="234319">UpdateSchema "CIMDATA=&lt;CIMStandardDataConnection xsi:type='typens:CIMStandardDataConnection' xmlns:xsi='http://www.w3.org/2001/XMLSchema-instance' xmlns:xs='http://www.w3.org/2001/XMLSchema' xmlns:typens='http://www.esri.com/schemas/ArcGIS/2.6.0'&gt;&lt;WorkspaceConnectionString&gt;DATABASE=C:\Users\mkh47487\Desktop\SMS\Sewersheds\Total27\Default.gdb&lt;/WorkspaceConnectionString&gt;&lt;WorkspaceFactory&gt;FileGDB&lt;/WorkspaceFactory&gt;&lt;Dataset&gt;Total31&lt;/Dataset&gt;&lt;DatasetType&gt;esriDTFeatureClass&lt;/DatasetType&gt;&lt;/CIMStandardDataConnection&gt;" &lt;operationSequence&gt;&lt;workflow&gt;&lt;DeleteField&gt;&lt;field_name&gt;PSDischarg&lt;/field_name&gt;&lt;field_name&gt;WaterMeter&lt;/field_name&gt;&lt;field_name&gt;BasinArea&lt;/field_name&gt;&lt;field_name&gt;File_Locat&lt;/field_name&gt;&lt;/DeleteField&gt;&lt;/workflow&gt;&lt;/operationSequence&gt;</Process><Process ToolSource="c:\program files\arcgis\pro\Resources\ArcToolbox\Toolboxes\Data Management Tools.tbx\UpdateSchema" Date="20220215" Time="234336">UpdateSchema "CIMDATA=&lt;CIMStandardDataConnection xsi:type='typens:CIMStandardDataConnection' xmlns:xsi='http://www.w3.org/2001/XMLSchema-instance' xmlns:xs='http://www.w3.org/2001/XMLSchema' xmlns:typens='http://www.esri.com/schemas/ArcGIS/2.6.0'&gt;&lt;WorkspaceConnectionString&gt;DATABASE=C:\Users\mkh47487\Desktop\SMS\Sewersheds\Total27\Default.gdb&lt;/WorkspaceConnectionString&gt;&lt;WorkspaceFactory&gt;FileGDB&lt;/WorkspaceFactory&gt;&lt;Dataset&gt;Total31&lt;/Dataset&gt;&lt;DatasetType&gt;esriDTFeatureClass&lt;/DatasetType&gt;&lt;/CIMStandardDataConnection&gt;" &lt;operationSequence&gt;&lt;workflow&gt;&lt;DeleteField&gt;&lt;field_name&gt;SHAPE_Leng&lt;/field_name&gt;&lt;field_name&gt;Length&lt;/field_name&gt;&lt;/DeleteField&gt;&lt;/workflow&gt;&lt;/operationSequence&gt;</Process><Process ToolSource="c:\program files\arcgis\pro\Resources\ArcToolbox\Toolboxes\Data Management Tools.tbx\UpdateSchema" Date="20220215" Time="234402">UpdateSchema "CIMDATA=&lt;CIMStandardDataConnection xsi:type='typens:CIMStandardDataConnection' xmlns:xsi='http://www.w3.org/2001/XMLSchema-instance' xmlns:xs='http://www.w3.org/2001/XMLSchema' xmlns:typens='http://www.esri.com/schemas/ArcGIS/2.6.0'&gt;&lt;WorkspaceConnectionString&gt;DATABASE=C:\Users\mkh47487\Desktop\SMS\Sewersheds\Total27\Default.gdb&lt;/WorkspaceConnectionString&gt;&lt;WorkspaceFactory&gt;FileGDB&lt;/WorkspaceFactory&gt;&lt;Dataset&gt;Total31&lt;/Dataset&gt;&lt;DatasetType&gt;esriDTFeatureClass&lt;/DatasetType&gt;&lt;/CIMStandardDataConnection&gt;" &lt;operationSequence&gt;&lt;workflow&gt;&lt;DeleteField&gt;&lt;field_name&gt;Name&lt;/field_name&gt;&lt;/DeleteField&gt;&lt;/workflow&gt;&lt;/operationSequence&gt;</Process><Process ToolSource="c:\program files\arcgis\pro\Resources\ArcToolbox\Toolboxes\Data Management Tools.tbx\UpdateSchema" Date="20220215" Time="234416">UpdateSchema "CIMDATA=&lt;CIMStandardDataConnection xsi:type='typens:CIMStandardDataConnection' xmlns:xsi='http://www.w3.org/2001/XMLSchema-instance' xmlns:xs='http://www.w3.org/2001/XMLSchema' xmlns:typens='http://www.esri.com/schemas/ArcGIS/2.6.0'&gt;&lt;WorkspaceConnectionString&gt;DATABASE=C:\Users\mkh47487\Desktop\SMS\Sewersheds\Total27\Default.gdb&lt;/WorkspaceConnectionString&gt;&lt;WorkspaceFactory&gt;FileGDB&lt;/WorkspaceFactory&gt;&lt;Dataset&gt;Total31&lt;/Dataset&gt;&lt;DatasetType&gt;esriDTFeatureClass&lt;/DatasetType&gt;&lt;/CIMStandardDataConnection&gt;" &lt;operationSequence&gt;&lt;workflow&gt;&lt;DeleteField&gt;&lt;field_name&gt;OBJECTID&lt;/field_name&gt;&lt;/DeleteField&gt;&lt;/workflow&gt;&lt;/operationSequence&gt;</Process><Process ToolSource="c:\program files\arcgis\pro\Resources\ArcToolbox\Toolboxes\Data Management Tools.tbx\UpdateSchema" Date="20220215" Time="234521">UpdateSchema "CIMDATA=&lt;CIMStandardDataConnection xsi:type='typens:CIMStandardDataConnection' xmlns:xsi='http://www.w3.org/2001/XMLSchema-instance' xmlns:xs='http://www.w3.org/2001/XMLSchema' xmlns:typens='http://www.esri.com/schemas/ArcGIS/2.6.0'&gt;&lt;WorkspaceConnectionString&gt;DATABASE=C:\Users\mkh47487\Desktop\SMS\Sewersheds\Total27\Default.gdb&lt;/WorkspaceConnectionString&gt;&lt;WorkspaceFactory&gt;FileGDB&lt;/WorkspaceFactory&gt;&lt;Dataset&gt;Total31&lt;/Dataset&gt;&lt;DatasetType&gt;esriDTFeatureClass&lt;/DatasetType&gt;&lt;/CIMStandardDataConnection&gt;" &lt;operationSequence&gt;&lt;workflow&gt;&lt;DeleteField&gt;&lt;field_name&gt;Shape_STAr&lt;/field_name&gt;&lt;field_name&gt;Shape_STLe&lt;/field_name&gt;&lt;/DeleteField&gt;&lt;/workflow&gt;&lt;/operationSequence&gt;</Process><Process ToolSource="c:\program files\arcgis\pro\Resources\ArcToolbox\toolboxes\Conversion Tools.tbx\FeatureClassToFeatureClass" Date="20221116" Time="142751">FeatureClassToFeatureClass Total31 C:\Users\mkh47487\Desktop\SMS\Sewersheds\Total27\Default.gdb Total31_XY # "site "site" true true false 255 Text 0 0,First,#,Total31,site,0,255;Shape_Length "Shape_Length" false true true 8 Double 0 0,First,#,Total31,Shape_Length,-1,-1;Shape_Area "Shape_Area" false true true 8 Double 0 0,First,#,Total31,Shape_Area,-1,-1" #</Process><Process ToolSource="c:\program files\arcgis\pro\Resources\ArcToolbox\toolboxes\Data Management Tools.tbx\Merge" Date="20221214" Time="124952">Merge Total31_XY;Clintwood;Loudon;Henrico_Dissolve;Independence;Hillsville C:\Users\mkh47487\Desktop\SMS\Sewersheds\Total27\Default.gdb\Total36 "site "site" true true false 255 Text 0 0,First,#,Total31_XY,site,0,255,Clintwood,site,0,254;Shape_Length "Shape_Length" false true true 8 Double 0 0,First,#,Total31_XY,Shape_Length,-1,-1,Clintwood,Shape_Length,-1,-1;Shape_Area "Shape_Area" false true true 8 Double 0 0,First,#,Total31_XY,Shape_Area,-1,-1,Clintwood,Shape_Area,-1,-1" NO_SOURCE_INFO</Process><Process ToolSource="c:\program files\arcgis\pro\Resources\ArcToolbox\Toolboxes\Data Management Tools.tbx\UpdateSchema" Date="20230104" Time="115730">UpdateSchema "CIMDATA=&lt;CIMStandardDataConnection xsi:type='typens:CIMStandardDataConnection' xmlns:xsi='http://www.w3.org/2001/XMLSchema-instance' xmlns:xs='http://www.w3.org/2001/XMLSchema' xmlns:typens='http://www.esri.com/schemas/ArcGIS/3.0.0'&gt;&lt;WorkspaceConnectionString&gt;DATABASE=C:\Users\mkh47487\Desktop\SMS\Sewersheds\Total27\Default.gdb&lt;/WorkspaceConnectionString&gt;&lt;WorkspaceFactory&gt;FileGDB&lt;/WorkspaceFactory&gt;&lt;Dataset&gt;Total36&lt;/Dataset&gt;&lt;DatasetType&gt;esriDTFeatureClass&lt;/DatasetType&gt;&lt;/CIMStandardDataConnection&gt;" &lt;operationSequence&gt;&lt;workflow&gt;&lt;AlterField&gt;&lt;field_name&gt;site&lt;/field_name&gt;&lt;new_field_name&gt;sewershed&lt;/new_field_name&gt;&lt;field_type&gt;TEXT&lt;/field_type&gt;&lt;field_is_nullable&gt;True&lt;/field_is_nullable&gt;&lt;clear_field_alias&gt;False&lt;/clear_field_alias&gt;&lt;/AlterField&gt;&lt;/workflow&gt;&lt;workflow&gt;&lt;AddField&gt;&lt;field_name&gt;epaid&lt;/field_name&gt;&lt;field_type&gt;TEXT&lt;/field_type&gt;&lt;field_length&gt;255&lt;/field_length&gt;&lt;field_is_nullable&gt;True&lt;/field_is_nullable&gt;&lt;field_is_required&gt;False&lt;/field_is_required&gt;&lt;/AddField&gt;&lt;/workflow&gt;&lt;workflow&gt;&lt;AddField&gt;&lt;field_name&gt;state&lt;/field_name&gt;&lt;field_type&gt;TEXT&lt;/field_type&gt;&lt;field_length&gt;255&lt;/field_length&gt;&lt;field_is_nullable&gt;True&lt;/field_is_nullable&gt;&lt;field_is_required&gt;False&lt;/field_is_required&gt;&lt;/AddField&gt;&lt;/workflow&gt;&lt;workflow&gt;&lt;AddField&gt;&lt;field_name&gt;wwtp&lt;/field_name&gt;&lt;field_type&gt;TEXT&lt;/field_type&gt;&lt;field_length&gt;255&lt;/field_length&gt;&lt;field_is_nullable&gt;True&lt;/field_is_nullable&gt;&lt;field_is_required&gt;False&lt;/field_is_required&gt;&lt;/AddField&gt;&lt;/workflow&gt;&lt;/operationSequence&gt;</Process><Process ToolSource="c:\program files\arcgis\pro\Resources\ArcToolbox\toolboxes\Data Management Tools.tbx\CalculateField" Date="20230104" Time="130241">CalculateField Total36 state "va" "Python 3" # Text NO_ENFORCE_DOMAINS</Process><Process ToolSource="c:\program files\arcgis\pro\Resources\ArcToolbox\toolboxes\Data Management Tools.tbx\Merge" Date="20230411" Time="135445">Merge Total36;Lebanon;RockyMount;Wytheville C:\Users\mkh47487\Desktop\SMS\Sewersheds\Total27\Default.gdb\Total36_Merge2 "sewershed "sewershed" true false false 255 Text 0 0,First,#,Total36,sewershed,0,255;Shape_Length "Shape_Length" false true true 8 Double 0 0,First,#,Total36,Shape_Length,-1,-1;Shape_Area "Shape_Area" false true true 8 Double 0 0,First,#,Total36,Shape_Area,-1,-1;epaid "epaid" true true false 255 Text 0 0,First,#,Total36,epaid,0,255;state "state" true true false 255 Text 0 0,First,#,Total36,state,0,255;wwtp "wwtp" true true false 255 Text 0 0,First,#,Total36,wwtp,0,255" NO_SOURCE_INFO</Process><Process ToolSource="c:\program files\arcgis\pro\Resources\ArcToolbox\toolboxes\Conversion Tools.tbx\ExportFeatures" Date="20230419" Time="160904">ExportFeatures Total39 z:\sentinals\sentinel_sites2.shp # NOT_USE_ALIAS "sewershed "sewershed" true true false 255 Text 0 0,First,#,Total39,sewershed,0,255;epaid "epaid" true true false 255 Text 0 0,First,#,Total39,epaid,0,255;state "state" true true false 255 Text 0 0,First,#,Total39,state,0,255;wwtp "wwtp" true true false 255 Text 0 0,First,#,Total39,wwtp,0,255;Shape_Length "Shape_Length" false true true 8 Double 0 0,First,#,Total39,Shape_Length,-1,-1;Shape_Area "Shape_Area" false true true 8 Double 0 0,First,#,Total39,Shape_Area,-1,-1" #</Process><Process ToolSource="c:\program files\arcgis\pro\Resources\ArcToolbox\Toolboxes\Data Management Tools.tbx\UpdateSchema" Date="20230506" Time="003625">UpdateSchema "CIMDATA=&lt;CIMStandardDataConnection xsi:type='typens:CIMStandardDataConnection' xmlns:xsi='http://www.w3.org/2001/XMLSchema-instance' xmlns:xs='http://www.w3.org/2001/XMLSchema' xmlns:typens='http://www.esri.com/schemas/ArcGIS/3.0.0'&gt;&lt;WorkspaceConnectionString&gt;DATABASE=Z:\sentinals&lt;/WorkspaceConnectionString&gt;&lt;WorkspaceFactory&gt;Shapefile&lt;/WorkspaceFactory&gt;&lt;Dataset&gt;sentinel_sites2.shp&lt;/Dataset&gt;&lt;DatasetType&gt;esriDTFeatureClass&lt;/DatasetType&gt;&lt;/CIMStandardDataConnection&gt;" &lt;operationSequence&gt;&lt;workflow&gt;&lt;AddField&gt;&lt;field_name&gt;site&lt;/field_name&gt;&lt;field_type&gt;TEXT&lt;/field_type&gt;&lt;field_length&gt;255&lt;/field_length&gt;&lt;field_is_nullable&gt;False&lt;/field_is_nullable&gt;&lt;field_is_required&gt;False&lt;/field_is_required&gt;&lt;/AddField&gt;&lt;/workflow&gt;&lt;/operationSequence&gt;</Process><Process ToolSource="c:\program files\arcgis\pro\Resources\ArcToolbox\Toolboxes\Data Management Tools.tbx\DeleteField" Date="20230506" Time="003651">DeleteField sentinel_sites2 site "Delete Fields"</Process><Process ToolSource="c:\program files\arcgis\pro\Resources\ArcToolbox\Toolboxes\Data Management Tools.tbx\UpdateSchema" Date="20230506" Time="004058">UpdateSchema "CIMDATA=&lt;CIMStandardDataConnection xsi:type='typens:CIMStandardDataConnection' xmlns:xsi='http://www.w3.org/2001/XMLSchema-instance' xmlns:xs='http://www.w3.org/2001/XMLSchema' xmlns:typens='http://www.esri.com/schemas/ArcGIS/3.0.0'&gt;&lt;WorkspaceConnectionString&gt;DATABASE=Z:\sentinals&lt;/WorkspaceConnectionString&gt;&lt;WorkspaceFactory&gt;Shapefile&lt;/WorkspaceFactory&gt;&lt;Dataset&gt;sentinel_sites2.shp&lt;/Dataset&gt;&lt;DatasetType&gt;esriDTFeatureClass&lt;/DatasetType&gt;&lt;/CIMStandardDataConnection&gt;" &lt;operationSequence&gt;&lt;workflow&gt;&lt;AddField&gt;&lt;field_name&gt;site&lt;/field_name&gt;&lt;field_type&gt;TEXT&lt;/field_type&gt;&lt;field_length&gt;255&lt;/field_length&gt;&lt;field_is_nullable&gt;False&lt;/field_is_nullable&gt;&lt;field_is_required&gt;False&lt;/field_is_required&gt;&lt;/AddField&gt;&lt;/workflow&gt;&lt;/operationSequence&gt;</Process><Process ToolSource="c:\program files\arcgis\pro\Resources\ArcToolbox\toolboxes\Data Management Tools.tbx\CalculateField" Date="20230506" Time="004118">CalculateField sentinel_sites2 site !sewershed! "Python 3" # Text NO_ENFORCE_DOMAINS</Process></lineage><itemProps><itemName Sync="TRUE">sentinel_sites2</itemName><imsContentType Sync="TRUE">002</imsContentType><itemLocation><linkage Sync="TRUE">file://\\THANOS\Z$\sentinals\sentinel_sites2.shp</linkage><protocol Sync="TRUE">Local Area Network</protocol></itemLocation><itemSize Sync="TRUE">0.000</itemSize></itemProps><coordRef><type Sync="TRUE">Projected</type><geogcsn Sync="TRUE">GCS_North_American_1983_HARN</geogcsn><csUnits Sync="TRUE">Linear Unit: Foot_US (0.304801)</csUnits><projcsn Sync="TRUE">NAD_1983_HARN_StatePlane_Virginia_South_FIPS_4502_Feet</projcsn><peXml Sync="TRUE">&lt;ProjectedCoordinateSystem xsi:type='typens:ProjectedCoordinateSystem' xmlns:xsi='http://www.w3.org/2001/XMLSchema-instance' xmlns:xs='http://www.w3.org/2001/XMLSchema' xmlns:typens='http://www.esri.com/schemas/ArcGIS/3.0.0'&gt;&lt;WKT&gt;PROJCS[&amp;quot;NAD_1983_HARN_StatePlane_Virginia_South_FIPS_4502_Feet&amp;quot;,GEOGCS[&amp;quot;GCS_North_American_1983_HARN&amp;quot;,DATUM[&amp;quot;D_North_American_1983_HARN&amp;quot;,SPHEROID[&amp;quot;GRS_1980&amp;quot;,6378137.0,298.257222101]],PRIMEM[&amp;quot;Greenwich&amp;quot;,0.0],UNIT[&amp;quot;Degree&amp;quot;,0.0174532925199433]],PROJECTION[&amp;quot;Lambert_Conformal_Conic&amp;quot;],PARAMETER[&amp;quot;False_Easting&amp;quot;,11482916.66666666],PARAMETER[&amp;quot;False_Northing&amp;quot;,3280833.333333333],PARAMETER[&amp;quot;Central_Meridian&amp;quot;,-78.5],PARAMETER[&amp;quot;Standard_Parallel_1&amp;quot;,36.76666666666667],PARAMETER[&amp;quot;Standard_Parallel_2&amp;quot;,37.96666666666667],PARAMETER[&amp;quot;Latitude_Of_Origin&amp;quot;,36.33333333333334],UNIT[&amp;quot;Foot_US&amp;quot;,0.3048006096012192],AUTHORITY[&amp;quot;EPSG&amp;quot;,2925]]&lt;/WKT&gt;&lt;XOrigin&gt;-111140600&lt;/XOrigin&gt;&lt;YOrigin&gt;-91532100&lt;/YOrigin&gt;&lt;XYScale&gt;36727036.750856541&lt;/XYScale&gt;&lt;ZOrigin&gt;-100000&lt;/ZOrigin&gt;&lt;ZScale&gt;10000&lt;/ZScale&gt;&lt;MOrigin&gt;-100000&lt;/MOrigin&gt;&lt;MScale&gt;10000&lt;/MScale&gt;&lt;XYTolerance&gt;0.0032808333333333331&lt;/XYTolerance&gt;&lt;ZTolerance&gt;0.001&lt;/ZTolerance&gt;&lt;MTolerance&gt;0.001&lt;/MTolerance&gt;&lt;HighPrecision&gt;true&lt;/HighPrecision&gt;&lt;WKID&gt;2925&lt;/WKID&gt;&lt;LatestWKID&gt;2925&lt;/LatestWKID&gt;&lt;/ProjectedCoordinateSystem&gt;</peXml></coordRef></DataProperties><SyncDate>20230419</SyncDate><SyncTime>16090300</SyncTime><ModDate>20230419</ModDate><ModTime>16090300</ModTime></Esri><dataIdInfo><envirDesc Sync="TRUE">Microsoft Windows 10 Version 10.0 (Build 19045) ; Esri ArcGIS 13.0.2.36056</envirDesc><dataLang><languageCode value="eng" Sync="TRUE"></languageCode><countryCode value="USA" Sync="TRUE"></countryCode></dataLang><idCitation><resTitle Sync="TRUE">sentinel_sites2</resTitle><presForm><PresFormCd value="005" Sync="TRUE"></PresFormCd></presForm></idCitation><spatRpType><SpatRepTypCd value="001" Sync="TRUE"></SpatRepTypCd></spatRpType></dataIdInfo><mdLang><languageCode value="eng" Sync="TRUE"></languageCode><countryCode value="USA" Sync="TRUE"></countryCode></mdLang><distInfo><distFormat><formatName Sync="TRUE">Shapefile</formatName></distFormat><distTranOps><transSize Sync="TRUE">0.000</transSize></distTranOps></distInfo><mdHrLv><ScopeCd value="005" Sync="TRUE"></ScopeCd></mdHrLv><mdHrLvName Sync="TRUE">dataset</mdHrLvName><refSysInfo><RefSystem><refSysID><identCode code="2925" Sync="TRUE"></identCode><idCodeSpace Sync="TRUE">EPSG</idCodeSpace><idVersion Sync="TRUE">6.3(9.0.0)</idVersion></refSysID></RefSystem></refSysInfo><spatRepInfo><VectSpatRep><geometObjs Name="sentinel_sites2"><geoObjTyp><GeoObjTypCd value="002" Sync="TRUE"></GeoObjTypCd></geoObjTyp><geoObjCnt Sync="TRUE">0</geoObjCnt></geometObjs><topLvl><TopoLevCd value="001" Sync="TRUE"></TopoLevCd></topLvl></VectSpatRep></spatRepInfo><spdoinfo><ptvctinf><esriterm Name="sentinel_sites2"><efeatyp Sync="TRUE">Simple</efeatyp><efeageom code="4" Sync="TRUE"></efeageom><esritopo Sync="TRUE">FALSE</esritopo><efeacnt Sync="TRUE">0</efeacnt><spindex Sync="TRUE">FALSE</spindex><linrefer Sync="TRUE">FALSE</linrefer></esriterm></ptvctinf></spdoinfo><eainfo><detailed Name="sentinel_sites2"><enttyp><enttypl Sync="TRUE">sentinel_sites2</enttypl><enttypt Sync="TRUE">Feature Class</enttypt><enttypc Sync="TRUE">0</enttypc></enttyp><attr><attrlabl Sync="TRUE">FID</attrlabl><attalias Sync="TRUE">FID</attalias><attrtype Sync="TRUE">OID</attrtype><attwidth Sync="TRUE">4</attwidth><atprecis Sync="TRUE">0</atprecis><attscale Sync="TRUE">0</attscale><attrdef Sync="TRUE">Internal feature number.</attrdef><attrdefs Sync="TRUE">Esri</attrdefs><attrdomv><udom Sync="TRUE">Sequential unique whole numbers that are automatically generated.</udom></attrdomv></attr><attr><attrlabl Sync="TRUE">Shape</attrlabl><attalias Sync="TRUE">Shape</attalias><attrtype Sync="TRUE">Geometry</attrtype><attwidth Sync="TRUE">0</attwidth><atprecis Sync="TRUE">0</atprecis><attscale Sync="TRUE">0</attscale><attrdef Sync="TRUE">Feature geometry.</attrdef><attrdefs Sync="TRUE">Esri</attrdefs><attrdomv><udom Sync="TRUE">Coordinates defining the features.</udom></attrdomv></attr><attr><attrlabl Sync="TRUE">sewershed</attrlabl><attalias Sync="TRUE">sewershed</attalias><attrtype Sync="TRUE">String</attrtype><attwidth Sync="TRUE">254</attwidth><atprecis Sync="TRUE">0</atprecis><attscale Sync="TRUE">0</attscale></attr><attr><attrlabl Sync="TRUE">epaid</attrlabl><attalias Sync="TRUE">epaid</attalias><attrtype Sync="TRUE">String</attrtype><attwidth Sync="TRUE">254</attwidth><atprecis Sync="TRUE">0</atprecis><attscale Sync="TRUE">0</attscale></attr><attr><attrlabl Sync="TRUE">state</attrlabl><attalias Sync="TRUE">state</attalias><attrtype Sync="TRUE">String</attrtype><attwidth Sync="TRUE">254</attwidth><atprecis Sync="TRUE">0</atprecis><attscale Sync="TRUE">0</attscale></attr><attr><attrlabl Sync="TRUE">wwtp</attrlabl><attalias Sync="TRUE">wwtp</attalias><attrtype Sync="TRUE">String</attrtype><attwidth Sync="TRUE">254</attwidth><atprecis Sync="TRUE">0</atprecis><attscale Sync="TRUE">0</attscale></attr><attr><attrlabl Sync="TRUE">Shape_Leng</attrlabl><attalias Sync="TRUE">Shape_Leng</attalias><attrtype Sync="TRUE">Double</attrtype><attwidth Sync="TRUE">19</attwidth><atprecis Sync="TRUE">0</atprecis><attscale Sync="TRUE">0</attscale></attr><attr><attrlabl Sync="TRUE">Shape_Area</attrlabl><attalias Sync="TRUE">Shape_Area</attalias><attrtype Sync="TRUE">Double</attrtype><attwidth Sync="TRUE">19</attwidth><atprecis Sync="TRUE">0</atprecis><attscale Sync="TRUE">0</attscale><attrdef Sync="TRUE">Area of feature in internal units squared.</attrdef><attrdefs Sync="TRUE">Esri</attrdefs><attrdomv><udom Sync="TRUE">Positive real numbers that are automatically generated.</udom></attrdomv></attr></detailed></eainfo><mdDateSt Sync="TRUE">20230419</mdDateSt></metadata>
