sewershed,EW_stdate,lag,pcorr,pval,best_lag,best_corr,best_pval
Parkins Mill,2023-05-07,-2,0.0,0.5496731444782601,,,
Parkins Mill,2023-05-07,-1,0.0,0.5538435394830695,,,
Parkins Mill,2023-05-07,0,0.0,0.941571991351104,,,
Parkins Mill,2023-05-07,1,0.0,0.820938834522775,,,
Parkins Mill,2023-05-07,2,0.0,0.9893933525406057,,,
Parkins Mill,2023-04-30,-2,0.0,0.42726724478859957,,,
Parkins Mill,2023-04-30,-1,0.0,0.5908977818045823,,,
Parkins Mill,2023-04-30,0,0.0,0.9469975714556127,,,
Parkins Mill,2023-04-30,1,0.0,0.8313373778990623,,,
Parkins Mill,2023-04-30,2,0.0,0.9047248643018937,,,
Parkins Mill,2023-04-23,-2,0.0,0.23518967116230466,,,
Parkins Mill,2023-04-23,-1,0.0,0.6202799923103801,,,
Parkins Mill,2023-04-23,0,0.0,0.6202799923103801,,,
Parkins Mill,2023-04-23,1,0.0,0.12827587280115232,,,
Parkins Mill,2023-04-23,2,0.0,0.08491152760422832,,,
Parkins Mill,2023-04-16,-2,0.0,0.41714143714253127,,,
Parkins Mill,2023-04-16,-1,0.0,0.8944269969053026,,,
Parkins Mill,2023-04-16,0,0.0,0.8525390725425217,,,
Parkins Mill,2023-04-16,1,0.0,0.20057021703405067,,,
Parkins Mill,2023-04-16,2,0.0,0.14199852020631992,,,
Parkins Mill,2023-04-09,-2,0.0,0.7092146257733047,,,
Parkins Mill,2023-04-09,-1,0.0,0.519248247554982,,,
Parkins Mill,2023-04-09,0,0.0,0.32589494101284167,,,
Parkins Mill,2023-04-09,1,0.0,0.6695786456420787,,,
Parkins Mill,2023-04-09,2,0.0,0.37008312228206786,,,
Parkins Mill,2023-04-02,-2,0.0,0.15090149929248603,2,0.0,0.01647097883651441
Parkins Mill,2023-04-02,-1,0.0,0.5926152128455,2,0.0,0.01647097883651441
Parkins Mill,2023-04-02,0,0.0,0.9576852410216187,2,0.0,0.01647097883651441
Parkins Mill,2023-04-02,1,0.0,0.15090149929248603,2,0.0,0.01647097883651441
Parkins Mill,2023-04-02,2,0.0,0.01647097883651441,2,0.0,0.01647097883651441
Parkins Mill,2023-03-26,-2,0.0,0.10973723224165641,2,0.0,0.03884525362035334
Parkins Mill,2023-03-26,-1,0.0,0.4500365768888285,2,0.0,0.03884525362035334
Parkins Mill,2023-03-26,0,0.0,0.5372209352113229,2,0.0,0.03884525362035334
Parkins Mill,2023-03-26,1,0.0,0.08895341813596276,2,0.0,0.03884525362035334
Parkins Mill,2023-03-26,2,0.0,0.03884525362035334,2,0.0,0.03884525362035334
Parkins Mill,2023-03-19,-2,0.7545454545454545,0.00728204100842914,-2,0.7545454545454545,0.00728204100842914
Parkins Mill,2023-03-19,-1,0.0,0.189943724965427,-2,0.7545454545454545,0.00728204100842914
Parkins Mill,2023-03-19,0,0.0,0.17966487658001123,-2,0.7545454545454545,0.00728204100842914
Parkins Mill,2023-03-19,1,0.0,0.018565033381595004,-2,0.7545454545454545,0.00728204100842914
Parkins Mill,2023-03-19,2,0.0,0.10249153979096383,-2,0.7545454545454545,0.00728204100842914
Parkins Mill,2023-03-12,-2,0.7000000000000001,0.01647097883651441,-2,0.7000000000000001,0.01647097883651441
Parkins Mill,2023-03-12,-1,0.0,0.16973260492681172,-2,0.7000000000000001,0.01647097883651441
Parkins Mill,2023-03-12,0,0.0,0.12520440713849534,-2,0.7000000000000001,0.01647097883651441
Parkins Mill,2023-03-12,1,0.0,0.018565033381595004,-2,0.7000000000000001,0.01647097883651441
Parkins Mill,2023-03-12,2,0.0,0.14199852020631992,-2,0.7000000000000001,0.01647097883651441
Parkins Mill,2023-03-05,-2,0.7000000000000001,0.01647097883651441,-2,0.7000000000000001,0.01647097883651441
Parkins Mill,2023-03-05,-1,0.0,0.16973260492681172,-2,0.7000000000000001,0.01647097883651441
Parkins Mill,2023-03-05,0,0.0,0.12520440713849534,-2,0.7000000000000001,0.01647097883651441
Parkins Mill,2023-03-05,1,0.0,0.018565033381595004,-2,0.7000000000000001,0.01647097883651441
Parkins Mill,2023-03-05,2,0.0,0.14199852020631992,-2,0.7000000000000001,0.01647097883651441
Parkins Mill,2023-02-26,-2,0.0,0.05557560428877463,1,0.0,0.04669570935409886
Parkins Mill,2023-02-26,-1,0.0,0.31182431390038623,1,0.0,0.04669570935409886
Parkins Mill,2023-02-26,0,0.0,0.15090149929248603,1,0.0,0.04669570935409886
Parkins Mill,2023-02-26,1,0.0,0.04669570935409886,1,0.0,0.04669570935409886
Parkins Mill,2023-02-26,2,0.0,0.5005338307078095,1,0.0,0.04669570935409886
Parkins Mill,2023-02-19,-2,0.0,0.38545696969136556,,,
Parkins Mill,2023-02-19,-1,0.0,0.31182431390038623,,,
Parkins Mill,2023-02-19,0,0.0,0.22286835013352002,,,
Parkins Mill,2023-02-19,1,0.0,0.06744335731677838,,,
Parkins Mill,2023-02-19,2,0.0,0.5545252303435375,,,
Parkins Mill,2023-02-12,-2,0.0,0.4011448979604785,,,
Parkins Mill,2023-02-12,-1,0.0,0.31182431390038623,,,
Parkins Mill,2023-02-12,0,0.0,0.3464642793059802,,,
Parkins Mill,2023-02-12,1,0.0,0.06744335731677838,,,
Parkins Mill,2023-02-12,2,0.0,0.43235356182976625,,,
Parkins Mill,2023-02-05,-2,0.0,0.4670890543863402,,,
Parkins Mill,2023-02-05,-1,0.0,0.3654683104386702,,,
Parkins Mill,2023-02-05,0,0.0,0.465684706386463,,,
Parkins Mill,2023-02-05,1,0.0,0.10631754642508436,,,
Parkins Mill,2023-02-05,2,0.0,0.465684706386463,,,
Parkins Mill,2023-01-29,-2,0.0,0.13833369839449197,,,
Parkins Mill,2023-01-29,-1,0.0,0.06225488170893071,,,
Parkins Mill,2023-01-29,0,0.0,0.17885658556184694,,,
Parkins Mill,2023-01-29,1,0.0,0.05582263340222192,,,
Parkins Mill,2023-01-29,2,0.0,0.3357822630985314,,,
Parkins Mill,2023-01-22,-2,0.0,0.08945466107994612,,,
Parkins Mill,2023-01-22,-1,0.0,0.056417079528519425,,,
Parkins Mill,2023-01-22,0,0.0,0.22599151267601147,,,
Parkins Mill,2023-01-22,1,0.0,0.06124591783432821,,,
Parkins Mill,2023-01-22,2,0.0,0.3072206291421738,,,
Parkins Mill,2023-01-15,-2,0.0,0.08945466107994612,-1,0.0,0.04215593205459563
Parkins Mill,2023-01-15,-1,0.0,0.04215593205459563,-1,0.0,0.04215593205459563
Parkins Mill,2023-01-15,0,0.0,0.036033163617833285,-1,0.0,0.04215593205459563
Parkins Mill,2023-01-15,1,0.0,0.010380905363463875,-1,0.0,0.04215593205459563
Parkins Mill,2023-01-15,2,0.0,0.025650445782918554,-1,0.0,0.04215593205459563
Parkins Mill,2023-01-08,-2,0.0,0.10740597574584927,,,
Parkins Mill,2023-01-08,-1,0.0,0.08945466107994612,,,
Parkins Mill,2023-01-08,0,0.0,0.08735621217153182,,,
Parkins Mill,2023-01-08,1,0.0,0.05184688111400352,,,
Parkins Mill,2023-01-08,2,0.0,0.06124591783432821,,,
Parkins Mill,2023-01-01,-2,0.0,0.06633894085235255,,,
Parkins Mill,2023-01-01,-1,0.0,0.08945466107994612,,,
Parkins Mill,2023-01-01,0,0.0,0.09594255494699529,,,
Parkins Mill,2023-01-01,1,0.0,0.05184688111400352,,,
Parkins Mill,2023-01-01,2,0.0,0.3160878315536657,,,
Parkins Mill,2022-12-25,-2,0.0,0.06291397177626469,,,
Parkins Mill,2022-12-25,-1,0.0,0.3576099867582385,,,
Parkins Mill,2022-12-25,0,0.0,0.3342175476397857,,,
Parkins Mill,2022-12-25,1,0.0,0.2186261083332181,,,
Parkins Mill,2022-12-25,2,0.0,0.8543750609172778,,,
Parkins Mill,2022-12-18,-2,0.0,0.3966814981163759,,,
Parkins Mill,2022-12-18,-1,0.0,0.8080978009454229,,,
Parkins Mill,2022-12-18,0,0.0,0.6372218687731053,,,
Parkins Mill,2022-12-18,1,0.0,0.2914682712989584,,,
Parkins Mill,2022-12-18,2,0.0,0.9867025576451145,,,
Parkins Mill,2022-12-11,-2,0.0,0.7433057472848105,,,
Parkins Mill,2022-12-11,-1,0.0,0.952183637624598,,,
Parkins Mill,2022-12-11,0,0.0,0.3831908436781283,,,
Parkins Mill,2022-12-11,1,0.0,0.17856077880912943,,,
Parkins Mill,2022-12-11,2,0.0,0.6886311376119465,,,
Parkins Mill,2022-12-04,-2,0.0,0.7331517491991517,,,
Parkins Mill,2022-12-04,-1,0.0,0.952183637624598,,,
Parkins Mill,2022-12-04,0,0.0,0.19408855451399865,,,
Parkins Mill,2022-12-04,1,0.0,0.13242142661767634,,,
Parkins Mill,2022-12-04,2,0.0,0.48306540807762466,,,
Parkins Mill,2022-11-27,-2,0.0,0.36399512221778796,0,0.0,0.01515373920533224
Parkins Mill,2022-11-27,-1,0.0,0.376591859269915,0,0.0,0.01515373920533224
Parkins Mill,2022-11-27,0,0.0,0.01515373920533224,0,0.0,0.01515373920533224
Parkins Mill,2022-11-27,1,0.0,0.01818917206084546,0,0.0,0.01515373920533224
Parkins Mill,2022-11-27,2,0.0,0.15907409704692851,0,0.0,0.01515373920533224
Parkins Mill,2022-11-20,-2,0.0,0.14536428316352717,0,0.0,0.004714320551196522
Parkins Mill,2022-11-20,-1,0.0,0.1735590698993972,0,0.0,0.004714320551196522
Parkins Mill,2022-11-20,0,0.0,0.004714320551196522,0,0.0,0.004714320551196522
Parkins Mill,2022-11-20,1,0.0,0.01929108555090816,0,0.0,0.004714320551196522
Parkins Mill,2022-11-20,2,0.0,0.08181234808652157,0,0.0,0.004714320551196522
Parkins Mill,2022-11-13,-2,0.0,0.43573575611890625,,,
Parkins Mill,2022-11-13,-1,0.0,0.5193022970166132,,,
Parkins Mill,2022-11-13,0,0.0,0.09717377477992865,,,
Parkins Mill,2022-11-13,1,0.0,0.07250748303033816,,,
Parkins Mill,2022-11-13,2,0.0,0.34137229471421904,,,
Parkins Mill,2022-11-06,-2,0.0,0.15173503571673022,1,0.0,0.026096891052703127
Parkins Mill,2022-11-06,-1,0.0,0.2452650007307772,1,0.0,0.026096891052703127
Parkins Mill,2022-11-06,0,0.0,0.09515736659412469,1,0.0,0.026096891052703127
Parkins Mill,2022-11-06,1,0.0,0.026096891052703127,1,0.0,0.026096891052703127
Parkins Mill,2022-11-06,2,0.0,0.11210929146889191,1,0.0,0.026096891052703127
Parkins Mill,2022-10-30,-2,0.6153846153846154,0.03316990109010587,-2,0.6153846153846154,0.03316990109010587
Parkins Mill,2022-10-30,-1,0.0,0.15173503571673022,-2,0.6153846153846154,0.03316990109010587
Parkins Mill,2022-10-30,0,0.0,0.04152149441031855,-2,0.6153846153846154,0.03316990109010587
Parkins Mill,2022-10-30,1,0.0,0.008239768712338441,-2,0.6153846153846154,0.03316990109010587
Parkins Mill,2022-10-30,2,0.0,0.08486877113393493,-2,0.6153846153846154,0.03316990109010587
Parkins Mill,2022-10-23,-2,0.6713286713286714,0.016831456186893395,-2,0.6713286713286714,0.016831456186893395
Parkins Mill,2022-10-23,-1,0.0,0.08486877113393493,-2,0.6713286713286714,0.016831456186893395
Parkins Mill,2022-10-23,0,0.0,0.03316990109010587,-2,0.6713286713286714,0.016831456186893395
Parkins Mill,2022-10-23,1,0.0,0.010245193941127854,-2,0.6713286713286714,0.016831456186893395
Parkins Mill,2022-10-23,2,0.0,0.16975340732567462,-2,0.6713286713286714,0.016831456186893395
Parkins Mill,2022-10-16,-2,0.7412587412587414,0.005801150474478243,-2,0.7412587412587414,0.005801150474478243
Parkins Mill,2022-10-16,-1,0.0,0.0153173290532817,-2,0.7412587412587414,0.005801150474478243
Parkins Mill,2022-10-16,0,0.0,0.03858845292201944,-2,0.7412587412587414,0.005801150474478243
Parkins Mill,2022-10-16,1,0.0,0.012374896241793974,-2,0.7412587412587414,0.005801150474478243
Parkins Mill,2022-10-16,2,0.0,0.28522608724863086,-2,0.7412587412587414,0.005801150474478243
Parkins Mill,2022-10-09,-2,0.6503496503496504,0.022034190932365288,-2,0.6503496503496504,0.022034190932365288
Parkins Mill,2022-10-09,-1,0.0,0.035805997052029234,-2,0.6503496503496504,0.022034190932365288
Parkins Mill,2022-10-09,0,0.0,0.09717377477992865,-2,0.6503496503496504,0.022034190932365288
Parkins Mill,2022-10-09,1,0.0,0.036758515626188176,-2,0.6503496503496504,0.022034190932365288
Parkins Mill,2022-10-09,2,0.0,0.7042726674352059,-2,0.6503496503496504,0.022034190932365288
Parkins Mill,2022-10-02,-2,0.6153846153846154,0.03316990109010587,-2,0.6153846153846154,0.03316990109010587
Parkins Mill,2022-10-02,-1,0.0,0.11138981647538271,-2,0.6153846153846154,0.03316990109010587
Parkins Mill,2022-10-02,0,0.0,0.37150966693927856,-2,0.6153846153846154,0.03316990109010587
Parkins Mill,2022-10-02,1,0.0,0.5710157812668486,-2,0.6153846153846154,0.03316990109010587
Parkins Mill,2022-10-02,2,0.0,0.5041457186648326,-2,0.6153846153846154,0.03316990109010587
Parkins Mill,2022-09-25,-2,0.6094580274543612,0.03539464546687891,-2,0.6094580274543612,0.03539464546687891
Parkins Mill,2022-09-25,-1,0.0,0.15093472887541384,-2,0.6094580274543612,0.03539464546687891
Parkins Mill,2022-09-25,0,0.0,0.5193022970166132,-2,0.6094580274543612,0.03539464546687891
Parkins Mill,2022-09-25,1,0.0,0.7037732307139831,-2,0.6094580274543612,0.03539464546687891
Parkins Mill,2022-09-25,2,0.0,0.455172655470345,-2,0.6094580274543612,0.03539464546687891
Parkins Mill,2022-09-18,-2,0.0,0.050765334660570934,,,
Parkins Mill,2022-09-18,-1,0.0,0.18998452241526717,,,
Parkins Mill,2022-09-18,0,0.0,0.6318819018346753,,,
Parkins Mill,2022-09-18,1,0.0,0.7037732307139831,,,
Parkins Mill,2022-09-18,2,0.0,0.6397398196020827,,,
Parkins Mill,2022-09-11,-2,0.0,0.39023367392363684,,,
Parkins Mill,2022-09-11,-1,0.0,0.5854885829639287,,,
Parkins Mill,2022-09-11,0,0.0,0.7613069111155328,,,
Parkins Mill,2022-09-11,1,0.0,0.8115329720669271,,,
Parkins Mill,2022-09-11,2,0.0,0.8031113573515823,,,
Parkins Mill,2022-09-04,-2,0.0,0.5553252966401302,,,
Parkins Mill,2022-09-04,-1,0.0,0.8539005081597718,,,
Parkins Mill,2022-09-04,0,0.0,0.455172655470345,,,
Parkins Mill,2022-09-04,1,0.0,0.5854885829639287,,,
Parkins Mill,2022-09-04,2,0.0,0.7282748777285676,,,
Parkins Mill,2022-08-28,-2,0.0,0.7280862602638447,,,
Parkins Mill,2022-08-28,-1,0.0,0.9681133688856378,,,
Parkins Mill,2022-08-28,0,0.0,0.7079341542451165,,,
Parkins Mill,2022-08-28,1,0.0,0.862361017768321,,,
Parkins Mill,2022-08-28,2,0.0,0.9258397000680176,,,
Parkins Mill,2022-08-21,-2,0.0,0.43126022644063056,,,
Parkins Mill,2022-08-21,-1,0.0,0.28899324880837346,,,
Parkins Mill,2022-08-21,0,0.0,0.748394097967918,,,
Parkins Mill,2022-08-21,1,0.0,0.5917572401960799,,,
Parkins Mill,2022-08-21,2,0.0,0.12023534902406141,,,
Parkins Mill,2022-08-14,-2,0.0,0.11925475721599557,2,0.0,0.016121586767816592
Parkins Mill,2022-08-14,-1,0.0,0.23221559214854812,2,0.0,0.016121586767816592
Parkins Mill,2022-08-14,0,0.0,0.6012097556087768,2,0.0,0.016121586767816592
Parkins Mill,2022-08-14,1,0.0,0.20487715111917146,2,0.0,0.016121586767816592
Parkins Mill,2022-08-14,2,0.0,0.016121586767816592,2,0.0,0.016121586767816592
Parkins Mill,2022-08-07,-2,0.0,0.08405903081494369,2,0.0,0.0014272961872224658
Parkins Mill,2022-08-07,-1,0.0,0.15441839412466296,2,0.0,0.0014272961872224658
Parkins Mill,2022-08-07,0,0.0,0.2393430798480268,2,0.0,0.0014272961872224658
Parkins Mill,2022-08-07,1,0.0,0.054880835202895675,2,0.0,0.0014272961872224658
Parkins Mill,2022-08-07,2,0.0,0.0014272961872224658,2,0.0,0.0014272961872224658
Parkins Mill,2022-07-31,-2,0.0,0.12827587280115238,2,0.0,0.004714320551196522
Parkins Mill,2022-07-31,-1,0.0,0.3176478222527002,2,0.0,0.004714320551196522
Parkins Mill,2022-07-31,0,0.0,0.39213583771594773,2,0.0,0.004714320551196522
Parkins Mill,2022-07-31,1,0.0,0.12421399642576281,2,0.0,0.004714320551196522
Parkins Mill,2022-07-31,2,0.0,0.004714320551196522,2,0.0,0.004714320551196522
Parkins Mill,2022-07-24,-2,0.0,0.08491152760422817,2,0.0,0.0034824595262923134
Parkins Mill,2022-07-24,-1,0.0,0.29017357578118624,2,0.0,0.0034824595262923134
Parkins Mill,2022-07-24,0,0.0,0.36136637559800333,2,0.0,0.0034824595262923134
Parkins Mill,2022-07-24,1,0.0,0.15441839412466296,2,0.0,0.0034824595262923134
Parkins Mill,2022-07-24,2,0.0,0.0034824595262923134,2,0.0,0.0034824595262923134
Parkins Mill,2022-07-17,-2,0.0,0.05582263340222192,2,0.0,0.0027778892723005944
Parkins Mill,2022-07-17,-1,0.0,0.25841872523187825,2,0.0,0.0027778892723005944
Parkins Mill,2022-07-17,0,0.0,0.31766237942092473,2,0.0,0.0027778892723005944
Parkins Mill,2022-07-17,1,0.0,0.12619736664661996,2,0.0,0.0027778892723005944
Parkins Mill,2022-07-17,2,0.0,0.0027778892723005944,2,0.0,0.0027778892723005944
Parkins Mill,2022-07-10,-2,0.0,0.19417917606506618,2,0.0,0.01190921195113651
Parkins Mill,2022-07-10,-1,0.0,0.6669046355985243,2,0.0,0.01190921195113651
Parkins Mill,2022-07-10,0,0.0,0.7805538526280621,2,0.0,0.01190921195113651
Parkins Mill,2022-07-10,1,0.0,0.2861051019083129,2,0.0,0.01190921195113651
Parkins Mill,2022-07-10,2,0.0,0.01190921195113651,2,0.0,0.01190921195113651
Parkins Mill,2022-07-03,-2,0.6778302010921357,0.04480926269300501,-2,0.6778302010921357,0.04480926269300501
Parkins Mill,2022-07-03,-1,0.0,0.27302974714377237,-2,0.6778302010921357,0.04480926269300501
Parkins Mill,2022-07-03,0,0.0,0.2861051019083129,-2,0.6778302010921357,0.04480926269300501
Parkins Mill,2022-07-03,1,0.0,0.13726197944145044,-2,0.6778302010921357,0.04480926269300501
Parkins Mill,2022-07-03,2,0.0,0.0034182152429017413,-2,0.6778302010921357,0.04480926269300501
Parkins Mill,2022-06-26,-2,0.8117225864930513,0.00788929768782947,-2,0.8117225864930513,0.00788929768782947
Parkins Mill,2022-06-26,-1,0.0,0.06708578689234565,-2,0.8117225864930513,0.00788929768782947
Parkins Mill,2022-06-26,0,0.0,0.09158336570110645,-2,0.8117225864930513,0.00788929768782947
Parkins Mill,2022-06-26,1,0.0,0.04124246780258141,-2,0.8117225864930513,0.00788929768782947
Parkins Mill,2022-06-26,2,0.0,0.004907014834108845,-2,0.8117225864930513,0.00788929768782947
Parkins Mill,2022-06-19,-2,0.8499999999999999,0.0037047773275858133,-2,0.8499999999999999,0.0037047773275858133
Parkins Mill,2022-06-19,-1,0.0,0.04124246780258141,-2,0.8499999999999999,0.0037047773275858133
Parkins Mill,2022-06-19,0,0.0,0.056676692165527696,-2,0.8499999999999999,0.0037047773275858133
Parkins Mill,2022-06-19,1,0.0,0.05252286046708899,-2,0.8499999999999999,0.0037047773275858133
Parkins Mill,2022-06-19,2,0.0,0.12307662993423849,-2,0.8499999999999999,0.0037047773275858133
Parkins Mill,2022-06-12,-2,0.8870370532810664,0.0014260236511493699,-2,0.8870370532810664,0.0014260236511493699
Parkins Mill,2022-06-12,-1,0.0,0.009106405386877986,-2,0.8870370532810664,0.0014260236511493699
Parkins Mill,2022-06-12,0,0.0,0.08595335754058796,-2,0.8870370532810664,0.0014260236511493699
Parkins Mill,2022-06-12,1,0.0,0.6510838503222888,-2,0.8870370532810664,0.0014260236511493699
Parkins Mill,2022-06-12,2,0.0,0.12307662993423849,-2,0.8870370532810664,0.0014260236511493699
Parkins Mill,2022-06-05,-2,0.9179373709568976,0.0001795302177889845,-2,0.9179373709568976,0.0001795302177889845
Parkins Mill,2022-06-05,-1,0.0,0.008879536829615708,-2,0.9179373709568976,0.0001795302177889845
Parkins Mill,2022-06-05,0,0.0,0.34503632799221085,-2,0.9179373709568976,0.0001795302177889845
Parkins Mill,2022-06-05,1,0.0,0.25049600352532764,-2,0.9179373709568976,0.0001795302177889845
Parkins Mill,2022-06-05,2,0.0,0.033758136992652774,-2,0.9179373709568976,0.0001795302177889845
Parkins Mill,2022-05-29,-2,0.8571468165888911,0.0015278398373375572,-2,0.8571468165888911,0.0015278398373375572
Parkins Mill,2022-05-29,-1,0.0,0.1600670096468279,-2,0.8571468165888911,0.0015278398373375572
Parkins Mill,2022-05-29,0,0.0,0.27467301434339914,-2,0.8571468165888911,0.0015278398373375572
Parkins Mill,2022-05-29,1,0.0,0.16471614517440153,-2,0.8571468165888911,0.0015278398373375572
Parkins Mill,2022-05-29,2,0.0,0.05117985923998389,-2,0.8571468165888911,0.0015278398373375572
Parkins Mill,2022-05-22,-2,0.8085143730944859,0.004635280964462701,-2,0.8085143730944859,0.004635280964462701
Parkins Mill,2022-05-22,-1,0.0,0.433925839676929,-2,0.8085143730944859,0.004635280964462701
Parkins Mill,2022-05-22,0,0.0,0.6250493381834632,-2,0.8085143730944859,0.004635280964462701
Parkins Mill,2022-05-22,1,0.0,0.1832247679112596,-2,0.8085143730944859,0.004635280964462701
Parkins Mill,2022-05-22,2,0.0,0.04273152349785686,-2,0.8085143730944859,0.004635280964462701
Alexandria Renew,2023-05-07,-2,0.0,0.6514773427962428,,,
Alexandria Renew,2023-05-07,-1,0.0,0.34029761418190363,,,
Alexandria Renew,2023-05-07,0,0.0,0.10060263183225483,,,
Alexandria Renew,2023-05-07,1,0.0,0.19083587400450033,,,
Alexandria Renew,2023-05-07,2,0.0,0.36625146058358227,,,
Alexandria Renew,2023-04-30,-2,0.0,0.8944269969053026,,,
Alexandria Renew,2023-04-30,-1,0.0,0.49855598552418856,,,
Alexandria Renew,2023-04-30,0,0.0,0.21702022575997748,,,
Alexandria Renew,2023-04-30,1,0.0,0.35414764123292175,,,
Alexandria Renew,2023-04-30,2,0.0,0.5419358857313175,,,
Alexandria Renew,2023-04-23,-2,0.0,0.40383308831471165,,,
Alexandria Renew,2023-04-23,-1,0.0,0.3910967709418962,,,
Alexandria Renew,2023-04-23,0,0.0,0.19933549461780897,,,
Alexandria Renew,2023-04-23,1,0.0,0.2969041156887641,,,
Alexandria Renew,2023-04-23,2,0.0,0.3910967709418962,,,
Alexandria Renew,2023-04-16,-2,0.0,0.19933549461780897,,,
Alexandria Renew,2023-04-16,-1,0.0,0.25513775175895725,,,
Alexandria Renew,2023-04-16,0,0.0,0.124454791188834,,,
Alexandria Renew,2023-04-16,1,0.0,0.1591057694121953,,,
Alexandria Renew,2023-04-16,2,0.0,0.2080634636953532,,,
Alexandria Renew,2023-04-09,-2,0.0,0.05858947538856762,0,0.0,0.044609296463363105
Alexandria Renew,2023-04-09,-1,0.0,0.08486877113393493,0,0.0,0.044609296463363105
Alexandria Renew,2023-04-09,0,0.0,0.044609296463363105,0,0.0,0.044609296463363105
Alexandria Renew,2023-04-09,1,0.0,0.05126558978649144,0,0.0,0.044609296463363105
Alexandria Renew,2023-04-09,2,0.0,0.06251148327961512,0,0.0,0.044609296463363105
Alexandria Renew,2023-04-02,-2,0.6713286713286714,0.016831456186893395,-2,0.6713286713286714,0.016831456186893395
Alexandria Renew,2023-04-02,-1,0.0,0.022034190932365288,-2,0.6713286713286714,0.016831456186893395
Alexandria Renew,2023-04-02,0,0.0,0.018452718028445437,-2,0.6713286713286714,0.016831456186893395
Alexandria Renew,2023-04-02,1,0.0,0.0153173290532817,-2,0.6713286713286714,0.016831456186893395
Alexandria Renew,2023-04-02,2,0.0,0.02831967129576002,-2,0.6713286713286714,0.016831456186893395
Alexandria Renew,2023-03-26,-2,0.7762237762237763,0.0029928636801859797,-2,0.7762237762237763,0.0029928636801859797
Alexandria Renew,2023-03-26,-1,0.0,0.0034464502618274493,-2,0.7762237762237763,0.0029928636801859797
Alexandria Renew,2023-03-26,0,0.0,0.008239768712338441,-2,0.7762237762237763,0.0029928636801859797
Alexandria Renew,2023-03-26,1,0.0,0.010245193941127854,-2,0.7762237762237763,0.0029928636801859797
Alexandria Renew,2023-03-26,2,0.0,0.008239768712338441,-2,0.7762237762237763,0.0029928636801859797
Alexandria Renew,2023-03-19,-2,0.7622377622377624,0.003950448972542651,-1,0.7902097902097903,0.0022231354099909208
Alexandria Renew,2023-03-19,-1,0.7902097902097903,0.0022231354099909208,-1,0.7902097902097903,0.0022231354099909208
Alexandria Renew,2023-03-19,0,0.0,0.0153173290532817,-1,0.7902097902097903,0.0022231354099909208
Alexandria Renew,2023-03-19,1,0.0,0.02831967129576002,-1,0.7902097902097903,0.0022231354099909208
Alexandria Renew,2023-03-19,2,0.0,0.010245193941127854,-1,0.7902097902097903,0.0022231354099909208
Alexandria Renew,2023-03-12,-2,0.8251748251748254,0.0009513628555555001,-2,0.8251748251748254,0.0009513628555555001
Alexandria Renew,2023-03-12,-1,0.0,0.001614768986069931,-2,0.8251748251748254,0.0009513628555555001
Alexandria Renew,2023-03-12,0,0.0,0.005801150474478243,-2,0.8251748251748254,0.0009513628555555001
Alexandria Renew,2023-03-12,1,0.0,0.030675895061640132,-2,0.8251748251748254,0.0009513628555555001
Alexandria Renew,2023-03-12,2,0.0,0.013905968814362752,-2,0.8251748251748254,0.0009513628555555001
Alexandria Renew,2023-03-05,-2,0.8272727272727273,0.001676973896452378,-2,0.8272727272727273,0.001676973896452378
Alexandria Renew,2023-03-05,-1,0.0,0.003746082953397406,-2,0.8272727272727273,0.001676973896452378
Alexandria Renew,2023-03-05,0,0.0,0.00845472888506156,-2,0.8272727272727273,0.001676973896452378
Alexandria Renew,2023-03-05,1,0.0,0.060419896215648305,-2,0.8272727272727273,0.001676973896452378
Alexandria Renew,2023-03-05,2,0.0,0.025984133918765504,-2,0.8272727272727273,0.001676973896452378
Alexandria Renew,2023-02-26,-2,0.7454545454545456,0.00845472888506156,-1,0.7545454545454545,0.00728204100842914
Alexandria Renew,2023-02-26,-1,0.7545454545454545,0.00728204100842914,-1,0.7545454545454545,0.00728204100842914
Alexandria Renew,2023-02-26,0,0.0,0.023313039833185972,-1,0.7545454545454545,0.00728204100842914
Alexandria Renew,2023-02-26,1,0.0,0.16014543725525882,-1,0.7545454545454545,0.00728204100842914
Alexandria Renew,2023-02-26,2,0.0,0.519248247554982,-1,0.7545454545454545,0.00728204100842914
Alexandria Renew,2023-02-19,-2,0.6727272727272727,0.023313039833185972,-2,0.6727272727272727,0.023313039833185972
Alexandria Renew,2023-02-19,-1,0.0,0.028864598957001886,-2,0.6727272727272727,0.023313039833185972
Alexandria Renew,2023-02-19,0,0.0,0.05100326070695074,-2,0.6727272727272727,0.023313039833185972
Alexandria Renew,2023-02-19,1,0.0,0.7495085962341482,-2,0.6727272727272727,0.023313039833185972
Alexandria Renew,2023-02-19,2,0.0,0.8734465775233149,-2,0.6727272727272727,0.023313039833185972
Alexandria Renew,2023-02-12,-2,0.0,0.07095173447637536,,,
Alexandria Renew,2023-02-12,-1,0.0,0.10973723224165641,,,
Alexandria Renew,2023-02-12,0,0.0,0.3550284397015071,,,
Alexandria Renew,2023-02-12,1,0.0,0.5739131682855215,,,
Alexandria Renew,2023-02-12,2,0.0,0.37008312228206786,,,
Alexandria Renew,2023-02-05,-2,0.0,0.22911284098281892,,,
Alexandria Renew,2023-02-05,-1,0.0,0.32822651147136733,,,
Alexandria Renew,2023-02-05,0,0.0,0.6514773427962428,,,
Alexandria Renew,2023-02-05,1,0.0,0.21449233253280775,,,
Alexandria Renew,2023-02-05,2,0.0,0.21449233253280775,,,
Alexandria Renew,2023-01-29,-2,0.0,0.5334005612725947,,,
Alexandria Renew,2023-01-29,-1,0.0,0.32822651147136733,,,
Alexandria Renew,2023-01-29,0,0.0,0.6514773427962428,,,
Alexandria Renew,2023-01-29,1,0.0,0.44583834154275137,,,
Alexandria Renew,2023-01-29,2,0.0,0.42503815489214547,,,
Alexandria Renew,2023-01-22,-2,0.0,0.21449233253280775,,,
Alexandria Renew,2023-01-22,-1,0.0,0.13833369839449197,,,
Alexandria Renew,2023-01-22,0,0.0,0.4047016712701569,,,
Alexandria Renew,2023-01-22,1,0.0,0.9337729580941466,,,
Alexandria Renew,2023-01-22,2,0.0,0.9468397049085097,,,
Alexandria Renew,2023-01-15,-2,0.0,0.34659350708733405,,,
Alexandria Renew,2023-01-15,-1,0.0,0.20042268671194224,,,
Alexandria Renew,2023-01-15,0,0.0,0.25999776683488757,,,
Alexandria Renew,2023-01-15,1,0.0,0.7634826463741492,,,
Alexandria Renew,2023-01-15,2,0.0,0.7634826463741492,,,
Alexandria Renew,2023-01-08,-2,0.0,0.20042268671194224,0,0.0,0.0323118085420257
Alexandria Renew,2023-01-08,-1,0.0,0.06668799999999996,0,0.0,0.0323118085420257
Alexandria Renew,2023-01-08,0,0.0,0.0323118085420257,0,0.0,0.0323118085420257
Alexandria Renew,2023-01-08,1,0.0,0.23506197663269415,0,0.0,0.0323118085420257
Alexandria Renew,2023-01-08,2,0.0,0.7634826463741492,0,0.0,0.0323118085420257
Alexandria Renew,2023-01-01,-2,0.0,0.14965567342083677,-1,0.0,0.0323118085420257
Alexandria Renew,2023-01-01,-1,0.0,0.0323118085420257,-1,0.0,0.0323118085420257
Alexandria Renew,2023-01-01,0,0.0,0.021090925985548795,-1,0.0,0.0323118085420257
Alexandria Renew,2023-01-01,1,0.0,0.5902067758594245,-1,0.0,0.0323118085420257
Alexandria Renew,2023-01-01,2,0.0,0.7000568732769904,-1,0.0,0.0323118085420257
Alexandria Renew,2022-12-25,-2,0.0,0.07278593695976274,-1,0.0,0.005836997302932195
Alexandria Renew,2022-12-25,-1,0.0,0.005836997302932195,-1,0.0,0.005836997302932195
Alexandria Renew,2022-12-25,0,0.0,0.039204386332556754,-1,0.0,0.005836997302932195
Alexandria Renew,2022-12-25,1,0.0,0.6140677514955037,-1,0.0,0.005836997302932195
Alexandria Renew,2022-12-25,2,0.0,0.7763340602409095,-1,0.0,0.005836997302932195
Alexandria Renew,2022-12-18,-2,0.0,0.16619192808155497,-1,0.0,0.021090925985548795
Alexandria Renew,2022-12-18,-1,0.0,0.021090925985548795,-1,0.0,0.021090925985548795
Alexandria Renew,2022-12-18,0,0.0,0.14251791767625296,-1,0.0,0.021090925985548795
Alexandria Renew,2022-12-18,1,0.0,0.7379379712336098,-1,0.0,0.021090925985548795
Alexandria Renew,2022-12-18,2,0.0,0.27467301434339914,-1,0.0,0.021090925985548795
Alexandria Renew,2022-12-11,-2,0.0,0.25153064182159524,,,
Alexandria Renew,2022-12-11,-1,0.0,0.0701694192672033,,,
Alexandria Renew,2022-12-11,0,0.0,0.15441839412466296,,,
Alexandria Renew,2022-12-11,1,0.0,0.47443476075216384,,,
Alexandria Renew,2022-12-11,2,0.0,0.27467301434339914,,,
Alexandria Renew,2022-12-04,-2,0.0,0.5823613748406506,1,0.0,0.039204386332556754
Alexandria Renew,2022-12-04,-1,0.0,0.24539329664551937,1,0.0,0.039204386332556754
Alexandria Renew,2022-12-04,0,0.0,0.7796173620638178,1,0.0,0.039204386332556754
Alexandria Renew,2022-12-04,1,0.0,0.039204386332556754,1,0.0,0.039204386332556754
Alexandria Renew,2022-12-04,2,0.0,0.4879222748387009,1,0.0,0.039204386332556754
North River,2023-05-07,-2,0.709090909090909,0.021665923367532435,-1,0.7363636363636363,0.009759535959916903
North River,2023-05-07,-1,0.7363636363636363,0.009759535959916903,-1,0.7363636363636363,0.009759535959916903
North River,2023-05-07,0,0.0,0.06661188226688902,-1,0.7363636363636363,0.009759535959916903
North River,2023-05-07,1,0.0,0.018452718028445437,-1,0.7363636363636363,0.009759535959916903
North River,2023-05-07,2,0.0,0.0022231354099909208,-1,0.7363636363636363,0.009759535959916903
North River,2023-04-30,-2,0.0,0.20057021703405067,-1,0.0,0.044609296463363105
North River,2023-04-30,-1,0.0,0.044609296463363105,-1,0.0,0.044609296463363105
North River,2023-04-30,0,0.0,0.2356210035126457,-1,0.0,0.044609296463363105
North River,2023-04-30,1,0.0,0.14458630130334754,-1,0.0,0.044609296463363105
North River,2023-04-30,2,0.0,0.04785597684206058,-1,0.0,0.044609296463363105
North River,2023-04-23,-2,0.0,0.124454791188834,-1,0.0,0.030675895061640132
North River,2023-04-23,-1,0.0,0.030675895061640132,-1,0.0,0.030675895061640132
North River,2023-04-23,0,0.0,0.14458630130334754,-1,0.0,0.030675895061640132
North River,2023-04-23,1,0.0,0.06251148327961512,-1,0.0,0.030675895061640132
North River,2023-04-23,2,0.0,0.07089431754922315,-1,0.0,0.030675895061640132
North River,2023-04-16,-2,0.0,0.1591057694121953,-1,0.0,0.04152149441031855
North River,2023-04-16,-1,0.0,0.04152149441031855,-1,0.0,0.04152149441031855
North River,2023-04-16,0,0.0,0.08991373630263913,-1,0.0,0.04152149441031855
North River,2023-04-16,1,0.0,0.05126558978649144,-1,0.0,0.04152149441031855
North River,2023-04-16,2,0.0,0.14458630130334754,-1,0.0,0.04152149441031855
North River,2023-04-09,-2,0.0,0.11817595701303213,1,0.0,0.016831456186893395
North River,2023-04-09,-1,0.0,0.06251148327961512,1,0.0,0.016831456186893395
North River,2023-04-09,0,0.0,0.054842119775407844,1,0.0,0.016831456186893395
North River,2023-04-09,1,0.0,0.016831456186893395,1,0.0,0.016831456186893395
North River,2023-04-09,2,0.0,0.11817595701303213,1,0.0,0.016831456186893395
North River,2023-04-02,-2,0.0,0.07089431754922315,0,0.0,0.04785597684206058
North River,2023-04-02,-1,0.0,0.05858947538856762,0,0.0,0.04785597684206058
North River,2023-04-02,0,0.0,0.04785597684206058,0,0.0,0.04785597684206058
North River,2023-04-02,1,0.0,0.005801150474478243,0,0.0,0.04785597684206058
North River,2023-04-02,2,0.0,0.08486877113393493,0,0.0,0.04785597684206058
North River,2023-03-26,-2,0.0,0.054842119775407844,0,0.0,0.044609296463363105
North River,2023-03-26,-1,0.0,0.07089431754922315,0,0.0,0.044609296463363105
North River,2023-03-26,0,0.0,0.044609296463363105,0,0.0,0.044609296463363105
North River,2023-03-26,1,0.0,0.0019003677255282703,0,0.0,0.044609296463363105
North River,2023-03-26,2,0.0,0.124454791188834,0,0.0,0.044609296463363105
North River,2023-03-19,-2,0.0,0.11817595701303213,1,0.0,0.0034464502618274493
North River,2023-03-19,-1,0.0,0.21702022575997748,1,0.0,0.0034464502618274493
North River,2023-03-19,0,0.0,0.10060263183225483,1,0.0,0.0034464502618274493
North River,2023-03-19,1,0.0,0.0034464502618274493,1,0.0,0.0034464502618274493
North River,2023-03-19,2,0.0,0.5717012385276553,1,0.0,0.0034464502618274493
North River,2023-03-12,-2,0.0,0.13765791634772945,1,0.0,0.035805997052029234
North River,2023-03-12,-1,0.0,0.22620604493502663,1,0.0,0.035805997052029234
North River,2023-03-12,0,0.0,0.15173503571673022,1,0.0,0.035805997052029234
North River,2023-03-12,1,0.0,0.035805997052029234,1,0.0,0.035805997052029234
North River,2023-03-12,2,0.0,0.6966831093957659,1,0.0,0.035805997052029234
North River,2023-03-05,-2,0.0,0.25892587368422215,,,
North River,2023-03-05,-1,0.0,0.34029761418190363,,,
North River,2023-03-05,0,0.0,0.2980892209030388,,,
North River,2023-03-05,1,0.0,0.05100326070695074,,,
North River,2023-03-05,2,0.0,0.7495085962341482,,,
North River,2023-02-26,-2,0.0,0.1334338382568288,,,
North River,2023-02-26,-1,0.0,0.2716375409938228,,,
North River,2023-02-26,0,0.0,0.5739131682855215,,,
North River,2023-02-26,1,0.0,0.11730680301423815,,,
North River,2023-02-26,2,0.0,0.8109903943000458,,,
North River,2023-02-19,-2,0.0,0.2846927409558867,,,
North River,2023-02-19,-1,0.0,0.2716375409938228,,,
North River,2023-02-19,0,0.0,0.5739131682855215,,,
North River,2023-02-19,1,0.0,0.25892587368422215,,,
North River,2023-02-19,2,0.0,0.8944269969053026,,,
North River,2023-02-12,-2,0.0,0.2846927409558867,,,
North River,2023-02-12,-1,0.0,0.2716375409938228,,,
North River,2023-02-12,0,0.0,0.65003396549758,,,
North River,2023-02-12,1,0.0,0.31182431390038623,,,
North River,2023-02-12,2,0.0,0.9047248643018937,,,
North River,2023-02-05,-2,0.0,0.34659350708733405,,,
North River,2023-02-05,-1,0.0,0.6760651759978538,,,
North River,2023-02-05,0,0.0,0.9602404181286243,,,
North River,2023-02-05,1,0.0,0.3848412302612835,,,
North River,2023-02-05,2,0.0,0.6875567115411831,,,
North River,2023-01-29,-2,0.7818181818181817,0.007547007781067878,-2,0.7818181818181817,0.007547007781067878
North River,2023-01-29,-1,0.0,0.08155281477260236,-2,0.7818181818181817,0.007547007781067878
North River,2023-01-29,0,0.0,0.603217610029209,-2,0.7818181818181817,0.007547007781067878
North River,2023-01-29,1,0.0,0.6140677514955037,-2,0.7818181818181817,0.007547007781067878
North River,2023-01-29,2,0.0,0.5784061446498445,-2,0.7818181818181817,0.007547007781067878
North River,2023-01-22,-2,0.8181818181818182,0.0038149200825507135,-2,0.8181818181818182,0.0038149200825507135
North River,2023-01-22,-1,0.0,0.09840117666963498,-2,0.8181818181818182,0.0038149200825507135
North River,2023-01-22,0,0.0,0.5321220586935935,-2,0.8181818181818182,0.0038149200825507135
North River,2023-01-22,1,0.0,0.2664779212005221,-2,0.8181818181818182,0.0038149200825507135
North River,2023-01-22,2,0.0,0.17245503609398916,-2,0.8181818181818182,0.0038149200825507135
North River,2023-01-15,-2,0.8181818181818182,0.0038149200825507135,-2,0.8181818181818182,0.0038149200825507135
North River,2023-01-15,-1,0.0,0.0323118085420257,-2,0.8181818181818182,0.0038149200825507135
North River,2023-01-15,0,0.0,0.5095614092618308,-2,0.8181818181818182,0.0038149200825507135
North River,2023-01-15,1,0.0,0.3000669694646655,-2,0.8181818181818182,0.0038149200825507135
North River,2023-01-15,2,0.0,0.1853967644537158,-2,0.8181818181818182,0.0038149200825507135
North River,2023-01-08,-2,0.7477238187264795,0.012899731006897746,-2,0.7477238187264795,0.012899731006897746
North River,2023-01-08,-1,0.0,0.03021117068836832,-2,0.7477238187264795,0.012899731006897746
North River,2023-01-08,0,0.0,0.5550759959985581,-2,0.7477238187264795,0.012899731006897746
North River,2023-01-08,1,0.0,0.5784061446498445,-2,0.7477238187264795,0.012899731006897746
North River,2023-01-08,2,0.0,0.20584999674311066,-2,0.7477238187264795,0.012899731006897746
North River,2023-01-01,-2,0.0,0.09278876749399557,,,
North River,2023-01-01,-1,0.0,0.0885368480246987,,,
North River,2023-01-01,0,0.0,0.8543750609172778,,,
North River,2023-01-01,1,0.0,0.960119464496727,,,
North River,2023-01-01,2,0.0,0.4549860079540271,,,
North River,2022-12-25,-2,0.0,0.22017919518735943,,,
North River,2022-12-25,-1,0.0,0.3000669694646655,,,
North River,2022-12-25,0,0.0,0.8675109976588954,,,
North River,2022-12-25,1,0.0,0.5321220586935935,,,
North River,2022-12-25,2,0.0,0.4429488649931106,,,
North River,2022-12-18,-2,0.0,0.433925839676929,,,
North River,2022-12-18,-1,0.0,0.9734080635074243,,,
North River,2022-12-18,0,0.0,0.433925839676929,,,
North River,2022-12-18,1,0.0,0.5772183781377627,,,
North River,2022-12-18,2,0.0,0.14680045845378226,,,
North River,2022-12-11,-2,0.0,0.303741235439923,,,
North River,2022-12-11,-1,0.0,0.9152761385497562,,,
North River,2022-12-11,0,0.0,0.38318565388964687,,,
North River,2022-12-11,1,0.0,0.3379683593142934,,,
North River,2022-12-11,2,0.0,0.14680045845378226,,,
North River,2022-12-04,-2,0.0,0.6985824353493757,,,
North River,2022-12-04,-1,0.0,0.21486420169491638,,,
North River,2022-12-04,0,0.0,0.5444268436332134,,,
North River,2022-12-04,1,0.0,0.4429488649931106,,,
North River,2022-12-04,2,0.0,0.1211700359343757,,,
Blacksburg,2023-05-07,-2,0.6363636363636362,0.04791172612997547,-2,0.6363636363636362,0.04791172612997547
Blacksburg,2023-05-07,-1,0.0,0.5926152128455,-2,0.6363636363636362,0.04791172612997547
Blacksburg,2023-05-07,0,0.0,0.6646331617926677,-2,0.6363636363636362,0.04791172612997547
Blacksburg,2023-05-07,1,0.0,0.8459309212287789,-2,0.6363636363636362,0.04791172612997547
Blacksburg,2023-05-07,2,0.0,0.6805975082860818,-2,0.6363636363636362,0.04791172612997547
Blacksburg,2023-04-30,-2,0.0,0.14199852020631992,,,
Blacksburg,2023-04-30,-1,0.0,0.6805975082860818,,,
Blacksburg,2023-04-30,0,0.0,0.602099427786538,,,
Blacksburg,2023-04-30,1,0.0,0.8459309212287789,,,
Blacksburg,2023-04-30,2,0.0,0.8799185788786749,,,
Blacksburg,2023-04-23,-2,0.0,0.06661188226688902,,,
Blacksburg,2023-04-23,-1,0.0,0.22620604493502663,,,
Blacksburg,2023-04-23,0,0.0,0.8290236405313092,,,
Blacksburg,2023-04-23,1,0.0,0.602099427786538,,,
Blacksburg,2023-04-23,2,0.0,0.48445166145539886,,,
Blacksburg,2023-04-16,-2,0.6503496503496504,0.022034190932365288,-2,0.6503496503496504,0.022034190932365288
Blacksburg,2023-04-16,-1,0.0,0.1745190081300594,-2,0.6503496503496504,0.022034190932365288
Blacksburg,2023-04-16,0,0.0,0.40383308831471165,-2,0.6503496503496504,0.022034190932365288
Blacksburg,2023-04-16,1,0.0,0.36625146058358227,-2,0.6503496503496504,0.022034190932365288
Blacksburg,2023-04-16,2,0.0,0.30790987618065263,-2,0.6503496503496504,0.022034190932365288
Blacksburg,2023-04-09,-2,0.7832167832167832,0.0025862148333625915,-2,0.7832167832167832,0.0025862148333625915
Blacksburg,2023-04-09,-1,0.0,0.044609296463363105,-2,0.7832167832167832,0.0025862148333625915
Blacksburg,2023-04-09,0,0.0,0.11817595701303213,-2,0.7832167832167832,0.0025862148333625915
Blacksburg,2023-04-09,1,0.0,0.11210929146889191,-2,0.7832167832167832,0.0025862148333625915
Blacksburg,2023-04-09,2,0.0,0.08991373630263913,-2,0.7832167832167832,0.0025862148333625915
Blacksburg,2023-04-02,-2,0.8111888111888113,0.0013633152527271922,-2,0.8111888111888113,0.0013633152527271922
Blacksburg,2023-04-02,-1,0.0,0.010245193941127854,-2,0.8111888111888113,0.0013633152527271922
Blacksburg,2023-04-02,0,0.0,0.02831967129576002,-2,0.8111888111888113,0.0013633152527271922
Blacksburg,2023-04-02,1,0.0,0.03316990109010587,-2,0.8111888111888113,0.0013633152527271922
Blacksburg,2023-04-02,2,0.0,0.026096891052703127,-2,0.8111888111888113,0.0013633152527271922
Blacksburg,2023-03-26,-2,0.7832167832167832,0.0025862148333625915,-2,0.7832167832167832,0.0025862148333625915
Blacksburg,2023-03-26,-1,0.0,0.007355028857805126,-2,0.7832167832167832,0.0025862148333625915
Blacksburg,2023-03-26,0,0.0,0.020185498509854096,-2,0.7832167832167832,0.0025862148333625915
Blacksburg,2023-03-26,1,0.0,0.024003191200713644,-2,0.7832167832167832,0.0025862148333625915
Blacksburg,2023-03-26,2,0.0,0.030675895061640132,-2,0.7832167832167832,0.0025862148333625915
Blacksburg,2023-03-19,-2,0.6503496503496504,0.022034190932365288,-2,0.6503496503496504,0.022034190932365288
Blacksburg,2023-03-19,-1,0.0,0.02831967129576002,-2,0.6503496503496504,0.022034190932365288
Blacksburg,2023-03-19,0,0.0,0.04152149441031855,-2,0.6503496503496504,0.022034190932365288
Blacksburg,2023-03-19,1,0.0,0.0153173290532817,-2,0.6503496503496504,0.022034190932365288
Blacksburg,2023-03-19,2,0.0,0.030675895061640132,-2,0.6503496503496504,0.022034190932365288
Blacksburg,2023-03-12,-2,0.6153846153846154,0.03316990109010587,-2,0.6153846153846154,0.03316990109010587
Blacksburg,2023-03-12,-1,0.0,0.03316990109010587,-2,0.6153846153846154,0.03316990109010587
Blacksburg,2023-03-12,0,0.0,0.02831967129576002,-2,0.6153846153846154,0.03316990109010587
Blacksburg,2023-03-12,1,0.0,0.007355028857805126,-2,0.6153846153846154,0.03316990109010587
Blacksburg,2023-03-12,2,0.0,0.05126558978649144,-2,0.6153846153846154,0.03316990109010587
Blacksburg,2023-03-05,-2,0.0,0.10249153979096383,1,0.0,0.028864598957001886
Blacksburg,2023-03-05,-1,0.0,0.08895341813596276,1,0.0,0.028864598957001886
Blacksburg,2023-03-05,0,0.0,0.08265095734417506,1,0.0,0.028864598957001886
Blacksburg,2023-03-05,1,0.0,0.028864598957001886,1,0.0,0.028864598957001886
Blacksburg,2023-03-05,2,0.0,0.07665233333978251,1,0.0,0.028864598957001886
Blacksburg,2023-02-26,-2,0.0,0.20057021703405067,,,
Blacksburg,2023-02-26,-1,0.0,0.25892587368422215,,,
Blacksburg,2023-02-26,0,0.0,0.32589494101284167,,,
Blacksburg,2023-02-26,1,0.0,0.37008312228206786,,,
Blacksburg,2023-02-26,2,0.0,0.25892587368422215,,,
Blacksburg,2023-02-19,-2,0.0,0.5554454421055854,,,
Blacksburg,2023-02-19,-1,0.0,0.37008312228206786,,,
Blacksburg,2023-02-19,0,0.0,0.501535667604937,,,
Blacksburg,2023-02-19,1,0.0,0.5372209352113229,,,
Blacksburg,2023-02-19,2,0.0,0.23454006709519432,,,
Blacksburg,2023-02-12,-2,0.0,0.7495085962341482,,,
Blacksburg,2023-02-12,-1,0.0,0.5554454421055854,,,
Blacksburg,2023-02-12,0,0.0,0.65003396549758,,,
Blacksburg,2023-02-12,1,0.0,0.41714143714253127,,,
Blacksburg,2023-02-12,2,0.0,0.15441839412466296,,,
Blacksburg,2023-02-05,-2,0.0,0.7514196523258483,2,0.0,0.049846099509679546
Blacksburg,2023-02-05,-1,0.0,0.907363817812816,2,0.0,0.049846099509679546
Blacksburg,2023-02-05,0,0.0,0.9337729580941466,2,0.0,0.049846099509679546
Blacksburg,2023-02-05,1,0.0,0.48877630451924314,2,0.0,0.049846099509679546
Blacksburg,2023-02-05,2,0.0,0.049846099509679546,2,0.0,0.049846099509679546
Blacksburg,2023-01-29,-2,0.0,0.5795840000000001,,,
Blacksburg,2023-01-29,-1,0.0,0.6271883447764844,,,
Blacksburg,2023-01-29,0,0.0,0.44583834154275137,,,
Blacksburg,2023-01-29,1,0.0,0.3000669694646655,,,
Blacksburg,2023-01-29,2,0.0,0.15407996514663627,,,
Blacksburg,2023-01-22,-2,0.0,0.1615229280174558,,,
Blacksburg,2023-01-22,-1,0.0,0.3654683104386702,,,
Blacksburg,2023-01-22,0,0.0,0.2914682712989585,,,
Blacksburg,2023-01-22,1,0.0,0.34503632799221085,,,
Blacksburg,2023-01-22,2,0.0,0.3735613327078874,,,
Blacksburg,2023-01-15,-2,0.7575757575757575,0.011143446799694208,-2,0.7575757575757575,0.011143446799694208
Blacksburg,2023-01-15,-1,0.0,0.1988934422361148,-2,0.7575757575757575,0.011143446799694208
Blacksburg,2023-01-15,0,0.0,0.3833197978009887,-2,0.7575757575757575,0.011143446799694208
Blacksburg,2023-01-15,1,0.0,0.5095614092618308,-2,0.7575757575757575,0.011143446799694208
Blacksburg,2023-01-15,2,0.0,0.42208631336590574,-2,0.7575757575757575,0.011143446799694208
Blacksburg,2023-01-08,-2,0.8510677611520905,0.0017911300301950417,-2,0.8510677611520905,0.0017911300301950417
Blacksburg,2023-01-08,-1,0.0,0.20584999674311066,-2,0.8510677611520905,0.0017911300301950417
Blacksburg,2023-01-08,0,0.0,0.36392707596751084,-2,0.8510677611520905,0.0017911300301950417
Blacksburg,2023-01-08,1,0.0,0.519479299957456,-2,0.8510677611520905,0.0017911300301950417
Blacksburg,2023-01-08,2,0.0,0.9331636940621633,-2,0.8510677611520905,0.0017911300301950417
Blacksburg,2023-01-01,-2,0.7051704306688749,0.022737736615376838,-2,0.7051704306688749,0.022737736615376838
Blacksburg,2023-01-01,-1,0.0,0.2664779212005221,-2,0.7051704306688749,0.022737736615376838
Blacksburg,2023-01-01,0,0.0,0.2730811695124797,-2,0.7051704306688749,0.022737736615376838
Blacksburg,2023-01-01,1,0.0,0.9065131248935338,-2,0.7051704306688749,0.022737736615376838
Blacksburg,2023-01-01,2,0.0,0.8123306182008212,-2,0.7051704306688749,0.022737736615376838
Blacksburg,2022-12-25,-2,0.7112494861056756,0.021090925985548795,-2,0.7112494861056756,0.021090925985548795
Blacksburg,2022-12-25,-1,0.0,0.1196879334337518,-2,0.7112494861056756,0.021090925985548795
Blacksburg,2022-12-25,0,0.0,0.2552331994668004,-2,0.7112494861056756,0.021090925985548795
Blacksburg,2022-12-25,1,0.0,0.9056385571873906,-2,0.7112494861056756,0.021090925985548795
Blacksburg,2022-12-25,2,0.0,0.8260953872276983,-2,0.7112494861056756,0.021090925985548795
Blacksburg,2022-12-18,-2,0.0,0.35285784928578817,,,
Blacksburg,2022-12-18,-1,0.0,0.15713915840788922,,,
Blacksburg,2022-12-18,0,0.0,0.6453188471586484,,,
Blacksburg,2022-12-18,1,0.0,0.905932801229498,,,
Blacksburg,2022-12-18,2,0.0,0.60096233836,,,
Blacksburg,2022-12-11,-2,0.0,0.3666325719178686,,,
Blacksburg,2022-12-11,-1,0.0,0.15367465524475984,,,
Blacksburg,2022-12-11,0,0.0,0.8188886312843784,,,
Blacksburg,2022-12-11,1,0.0,0.9571964206765649,,,
Blacksburg,2022-12-11,2,0.0,0.60096233836,,,
Blacksburg,2022-12-04,-2,0.0,0.8823221138677552,,,
Blacksburg,2022-12-04,-1,0.0,0.15367465524475984,,,
Blacksburg,2022-12-04,0,0.0,0.4616207673839372,,,
Blacksburg,2022-12-04,1,0.0,0.7371590938066886,,,
Blacksburg,2022-12-04,2,0.0,0.6027992537712049,,,
Pepper's Ferry,2023-05-07,-2,0.0,0.1543901209862251,,,
Pepper's Ferry,2023-05-07,-1,0.0,0.8548130882487426,,,
Pepper's Ferry,2023-05-07,0,0.0,0.5554454421055854,,,
Pepper's Ferry,2023-05-07,1,0.0,0.7092146257733047,,,
Pepper's Ferry,2023-05-07,2,0.0,0.5372209352113229,,,
Pepper's Ferry,2023-04-30,-2,0.0,0.3654683104386702,,,
Pepper's Ferry,2023-04-30,-1,0.0,0.9576852410216187,,,
Pepper's Ferry,2023-04-30,0,0.0,0.519248247554982,,,
Pepper's Ferry,2023-04-30,1,0.0,0.65003396549758,,,
Pepper's Ferry,2023-04-30,2,0.0,0.9154683168905347,,,
Pepper's Ferry,2023-04-23,-2,0.0,0.189943724965427,,,
Pepper's Ferry,2023-04-23,-1,0.0,0.4011448979604785,,,
Pepper's Ferry,2023-04-23,0,0.0,0.7495085962341482,,,
Pepper's Ferry,2023-04-23,1,0.0,0.831716405381337,,,
Pepper's Ferry,2023-04-23,2,0.0,0.6115423848512369,,,
Pepper's Ferry,2023-04-16,-2,0.0,0.06661188226688902,,,
Pepper's Ferry,2023-04-16,-1,0.0,0.15173503571673022,,,
Pepper's Ferry,2023-04-16,0,0.0,0.6646331617926677,,,
Pepper's Ferry,2023-04-16,1,0.0,0.36625146058358227,,,
Pepper's Ferry,2023-04-16,2,0.0,0.2652387868927897,,,
Pepper's Ferry,2023-04-09,-2,0.0,0.05126558978649144,,,
Pepper's Ferry,2023-04-09,-1,0.0,0.35414764123292175,,,
Pepper's Ferry,2023-04-09,0,0.0,0.729194990751066,,,
Pepper's Ferry,2023-04-09,1,0.0,0.40383308831471165,,,
Pepper's Ferry,2023-04-09,2,0.0,0.31913878550330455,,,
Pepper's Ferry,2023-04-02,-2,0.0,0.124454791188834,,,
Pepper's Ferry,2023-04-02,-1,0.0,0.4432619364501832,,,
Pepper's Ferry,2023-04-02,0,0.0,0.7787253962454419,,,
Pepper's Ferry,2023-04-02,1,0.0,0.5717012385276553,,,
Pepper's Ferry,2023-04-02,2,0.0,0.49855598552418856,,,
Pepper's Ferry,2023-03-26,-2,0.0,0.2080634636953532,,,
Pepper's Ferry,2023-03-26,-1,0.0,0.2652387868927897,,,
Pepper's Ferry,2023-03-26,0,0.0,0.470531995381542,,,
Pepper's Ferry,2023-03-26,1,0.0,0.49855598552418856,,,
Pepper's Ferry,2023-03-26,2,0.0,0.6966831093957659,,,
Pepper's Ferry,2023-03-19,-2,0.0,0.07536233505348364,,,
Pepper's Ferry,2023-03-19,-1,0.0,0.07089431754922315,,,
Pepper's Ferry,2023-03-19,0,0.0,0.15173503571673022,,,
Pepper's Ferry,2023-03-19,1,0.0,0.30790987618065263,,,
Pepper's Ferry,2023-03-19,2,0.0,0.9827917689028476,,,
Pepper's Ferry,2023-03-12,-2,0.6783216783216784,0.0153173290532817,-1,0.7132867132867133,0.009201779777634755
Pepper's Ferry,2023-03-12,-1,0.7132867132867133,0.009201779777634755,-1,0.7132867132867133,0.009201779777634755
Pepper's Ferry,2023-03-12,0,0.0,0.06661188226688902,-1,0.7132867132867133,0.009201779777634755
Pepper's Ferry,2023-03-12,1,0.0,0.37856866966230307,-1,0.7132867132867133,0.009201779777634755
Pepper's Ferry,2023-03-12,2,0.0,0.5717012385276553,-1,0.7132867132867133,0.009201779777634755
Pepper's Ferry,2023-03-05,-2,0.7363636363636363,0.009759535959916903,-1,0.8181818181818182,0.0020831448404786904
Pepper's Ferry,2023-03-05,-1,0.8181818181818182,0.0020831448404786904,-1,0.8181818181818182,0.0020831448404786904
Pepper's Ferry,2023-03-05,0,0.0,0.03528698122006228,-1,0.8181818181818182,0.0020831448404786904
Pepper's Ferry,2023-03-05,1,0.0,0.2846927409558867,-1,0.8181818181818182,0.0020831448404786904
Pepper's Ferry,2023-03-05,2,0.0,0.6306852146425357,-1,0.8181818181818182,0.0020831448404786904
Pepper's Ferry,2023-02-26,-2,0.7545454545454545,0.00728204100842914,-1,0.7818181818181819,0.0044731622527830394
Pepper's Ferry,2023-02-26,-1,0.7818181818181819,0.0044731622527830394,-1,0.7818181818181819,0.0044731622527830394
Pepper's Ferry,2023-02-26,0,0.0,0.16973260492681172,-1,0.7818181818181819,0.0044731622527830394
Pepper's Ferry,2023-02-26,1,0.0,0.8944269969053026,-1,0.7818181818181819,0.0044731622527830394
Pepper's Ferry,2023-02-26,2,0.0,0.12520440713849534,-1,0.7818181818181819,0.0044731622527830394
Pepper's Ferry,2023-02-19,-2,0.6181818181818182,0.042645569805326695,-1,0.7818181818181819,0.0044731622527830394
Pepper's Ferry,2023-02-19,-1,0.7818181818181819,0.0044731622527830394,-1,0.7818181818181819,0.0044731622527830394
Pepper's Ferry,2023-02-19,0,0.0,0.189943724965427,-1,0.7818181818181819,0.0044731622527830394
Pepper's Ferry,2023-02-19,1,0.0,0.7903727377532903,-1,0.7818181818181819,0.0044731622527830394
Pepper's Ferry,2023-02-19,2,0.0,0.2980892209030388,-1,0.7818181818181819,0.0044731622527830394
Pepper's Ferry,2023-02-12,-2,0.0,0.06554305260101842,-1,0.0,0.005299487178643863
Pepper's Ferry,2023-02-12,-1,0.0,0.005299487178643863,-1,0.0,0.005299487178643863
Pepper's Ferry,2023-02-12,0,0.0,0.189943724965427,-1,0.0,0.005299487178643863
Pepper's Ferry,2023-02-12,1,0.0,0.8525390725425217,-1,0.0,0.005299487178643863
Pepper's Ferry,2023-02-12,2,0.0,0.6202799923103801,-1,0.0,0.005299487178643863
Pepper's Ferry,2023-02-05,-2,0.0,0.12755286970323426,-1,0.0,0.021665923367532435
Pepper's Ferry,2023-02-05,-1,0.0,0.021665923367532435,-1,0.0,0.021665923367532435
Pepper's Ferry,2023-02-05,0,0.0,0.2930500752928223,-1,0.0,0.021665923367532435
Pepper's Ferry,2023-02-05,1,0.0,0.9867429111949892,-1,0.0,0.021665923367532435
Pepper's Ferry,2023-02-05,2,0.0,0.8938677821006586,-1,0.0,0.021665923367532435
Pepper's Ferry,2023-01-29,-2,0.7575757575757575,0.011143446799694208,-1,0.8545454545454544,0.0016368033159867143
Pepper's Ferry,2023-01-29,-1,0.8545454545454544,0.0016368033159867143,-1,0.8545454545454544,0.0016368033159867143
Pepper's Ferry,2023-01-29,0,0.0,0.08155281477260236,-1,0.8545454545454544,0.0016368033159867143
Pepper's Ferry,2023-01-29,1,0.0,0.4032038726329136,-1,0.8545454545454544,0.0016368033159867143
Pepper's Ferry,2023-01-29,2,0.0,0.9734080635074243,-1,0.8545454545454544,0.0016368033159867143
Pepper's Ferry,2023-01-22,-2,0.8545454545454544,0.0016368033159867143,-1,0.9151515151515152,0.0002044724061488323
Pepper's Ferry,2023-01-22,-1,0.9151515151515152,0.0002044724061488323,-1,0.9151515151515152,0.0002044724061488323
Pepper's Ferry,2023-01-22,0,0.0,0.022737736615376838,-1,0.9151515151515152,0.0002044724061488323
Pepper's Ferry,2023-01-22,1,0.0,0.27467301434339914,-1,0.9151515151515152,0.0002044724061488323
Pepper's Ferry,2023-01-22,2,0.0,0.7379379712336098,-1,0.9151515151515152,0.0002044724061488323
Pepper's Ferry,2023-01-15,-2,0.9151515151515152,0.0002044724061488323,-2,0.9151515151515152,0.0002044724061488323
Pepper's Ferry,2023-01-15,-1,0.0,0.00039167359562948393,-2,0.9151515151515152,0.0002044724061488323
Pepper's Ferry,2023-01-15,0,0.0,0.09278876749399557,-2,0.9151515151515152,0.0002044724061488323
Pepper's Ferry,2023-01-15,1,0.0,0.16619192808155497,-2,0.9151515151515152,0.0002044724061488323
Pepper's Ferry,2023-01-15,2,0.0,0.36237497228677046,-2,0.9151515151515152,0.0002044724061488323
Pepper's Ferry,2023-01-08,-2,0.9118583155200968,0.0002371436370050654,-2,0.9118583155200968,0.0002371436370050654
Pepper's Ferry,2023-01-08,-1,0.0,0.019528343138302953,-2,0.9118583155200968,0.0002371436370050654
Pepper's Ferry,2023-01-08,0,0.0,0.14251791767625296,-2,0.9118583155200968,0.0002371436370050654
Pepper's Ferry,2023-01-08,1,0.0,0.04614021819350434,-2,0.9118583155200968,0.0002371436370050654
Pepper's Ferry,2023-01-08,2,0.0,0.7620622290487753,-2,0.9118583155200968,0.0002371436370050654
Pepper's Ferry,2023-01-01,-2,0.7652439024390244,0.009898227380702063,-2,0.7652439024390244,0.009898227380702063
Pepper's Ferry,2023-01-01,-1,0.0,0.07170143788242563,-2,0.7652439024390244,0.009898227380702063
Pepper's Ferry,2023-01-01,0,0.0,0.10612339194642084,-2,0.7652439024390244,0.009898227380702063
Pepper's Ferry,2023-01-01,1,0.0,0.16799590789521074,-2,0.7652439024390244,0.009898227380702063
Pepper's Ferry,2023-01-01,2,0.0,0.8450027750015603,-2,0.7652439024390244,0.009898227380702063
Pepper's Ferry,2022-12-25,-2,0.0,0.05960721985295874,,,
Pepper's Ferry,2022-12-25,-1,0.0,0.4415051553349343,,,
Pepper's Ferry,2022-12-25,0,0.0,0.16486772895880256,,,
Pepper's Ferry,2022-12-25,1,0.0,0.5242747049361911,,,
Pepper's Ferry,2022-12-25,2,0.0,0.72113177250213,,,
Pepper's Ferry,2022-12-18,-2,0.0,0.1482745896416735,,,
Pepper's Ferry,2022-12-18,-1,0.0,0.9062295848550422,,,
Pepper's Ferry,2022-12-18,0,0.0,0.48459370871448826,,,
Pepper's Ferry,2022-12-18,1,0.0,0.8989359671854504,,,
Pepper's Ferry,2022-12-18,2,0.0,0.7046029613290685,,,
Pepper's Ferry,2022-12-11,-2,0.0,0.13571387146373912,,,
Pepper's Ferry,2022-12-11,-1,0.0,0.7148349866207453,,,
Pepper's Ferry,2022-12-11,0,0.0,0.22931479234813135,,,
Pepper's Ferry,2022-12-11,1,0.0,0.7927335117563087,,,
Pepper's Ferry,2022-12-11,2,0.0,0.7046029613290685,,,
Pepper's Ferry,2022-12-04,-2,0.0,0.25695549479888996,,,
Pepper's Ferry,2022-12-04,-1,0.0,0.12633319338958737,,,
Pepper's Ferry,2022-12-04,0,0.0,0.5544985204752194,,,
Pepper's Ferry,2022-12-04,1,0.0,0.5238482035169605,,,
Pepper's Ferry,2022-12-04,2,0.0,0.7208822289596282,,,
Coeburn Norton Wise,2023-05-07,-2,0.0,0.42503815489214547,1,0.0,0.035805997052029234
Coeburn Norton Wise,2023-05-07,-1,0.0,0.20057021703405067,1,0.0,0.035805997052029234
Coeburn Norton Wise,2023-05-07,0,0.0,0.470531995381542,1,0.0,0.035805997052029234
Coeburn Norton Wise,2023-05-07,1,0.0,0.035805997052029234,1,0.0,0.035805997052029234
Coeburn Norton Wise,2023-05-07,2,0.0,0.2080634636953532,1,0.0,0.035805997052029234
Coeburn Norton Wise,2023-04-30,-2,0.0,0.15090149929248603,1,0.0,0.010245193941127854
Coeburn Norton Wise,2023-04-30,-1,0.0,0.08991373630263913,1,0.0,0.010245193941127854
Coeburn Norton Wise,2023-04-30,0,0.0,0.16669998762494495,1,0.0,0.010245193941127854
Coeburn Norton Wise,2023-04-30,1,0.0,0.010245193941127854,1,0.0,0.010245193941127854
Coeburn Norton Wise,2023-04-30,2,0.0,0.04785597684206058,1,0.0,0.010245193941127854
Coeburn Norton Wise,2023-04-23,-2,0.5804195804195805,0.04785597684206058,-1,0.6363636363636365,0.026096891052703127
Coeburn Norton Wise,2023-04-23,-1,0.6363636363636365,0.026096891052703127,-1,0.6363636363636365,0.026096891052703127
Coeburn Norton Wise,2023-04-23,0,0.0,0.054842119775407844,-1,0.6363636363636365,0.026096891052703127
Coeburn Norton Wise,2023-04-23,1,0.0,0.0034464502618274493,-1,0.6363636363636365,0.026096891052703127
Coeburn Norton Wise,2023-04-23,2,0.0,0.012593030496094107,-1,0.6363636363636365,0.026096891052703127
Coeburn Norton Wise,2023-04-16,-2,0.6993006993006995,0.011374198642690932,-1,0.7692307692307694,0.0034464502618274493
Coeburn Norton Wise,2023-04-16,-1,0.7692307692307694,0.0034464502618274493,-1,0.7692307692307694,0.0034464502618274493
Coeburn Norton Wise,2023-04-16,0,0.0,0.018452718028445437,-1,0.7692307692307694,0.0034464502618274493
Coeburn Norton Wise,2023-04-16,1,0.0,0.0019003677255282703,-1,0.7692307692307694,0.0034464502618274493
Coeburn Norton Wise,2023-04-16,2,0.0,0.012593030496094107,-1,0.7692307692307694,0.0034464502618274493
Coeburn Norton Wise,2023-04-09,-2,0.7692307692307694,0.0034464502618274493,-2,0.7692307692307694,0.0034464502618274493
Coeburn Norton Wise,2023-04-09,-1,0.0,0.010245193941127854,-2,0.7692307692307694,0.0034464502618274493
Coeburn Norton Wise,2023-04-09,0,0.0,0.010245193941127854,-2,0.7692307692307694,0.0034464502618274493
Coeburn Norton Wise,2023-04-09,1,0.0,0.0019003677255282703,-2,0.7692307692307694,0.0034464502618274493
Coeburn Norton Wise,2023-04-09,2,0.0,0.008239768712338441,-2,0.7692307692307694,0.0034464502618274493
Coeburn Norton Wise,2023-04-02,-2,0.7482517482517484,0.005124081698753058,-2,0.7482517482517484,0.005124081698753058
Coeburn Norton Wise,2023-04-02,-1,0.0,0.016831456186893395,-2,0.7482517482517484,0.005124081698753058
Coeburn Norton Wise,2023-04-02,0,0.0,0.003950448972542651,-2,0.7482517482517484,0.005124081698753058
Coeburn Norton Wise,2023-04-02,1,0.0,0.000521133700481005,-2,0.7482517482517484,0.005124081698753058
Coeburn Norton Wise,2023-04-02,2,0.0,0.004508435484294225,-2,0.7482517482517484,0.005124081698753058
Coeburn Norton Wise,2023-03-26,-2,0.6013986013986015,0.03858845292201944,-2,0.6013986013986015,0.03858845292201944
Coeburn Norton Wise,2023-03-26,-1,0.0,0.054842119775407844,-2,0.6013986013986015,0.03858845292201944
Coeburn Norton Wise,2023-03-26,0,0.0,0.006543490146837885,-2,0.6013986013986015,0.03858845292201944
Coeburn Norton Wise,2023-03-26,1,0.0,0.0013633152527271922,-2,0.6013986013986015,0.03858845292201944
Coeburn Norton Wise,2023-03-26,2,0.0,0.035805997052029234,-2,0.6013986013986015,0.03858845292201944
Coeburn Norton Wise,2023-03-19,-2,0.0,0.106252371759346,0,0.0,0.035805997052029234
Coeburn Norton Wise,2023-03-19,-1,0.0,0.16669998762494495,0,0.0,0.035805997052029234
Coeburn Norton Wise,2023-03-19,0,0.0,0.035805997052029234,0,0.0,0.035805997052029234
Coeburn Norton Wise,2023-03-19,1,0.0,0.0011431050868040604,0,0.0,0.035805997052029234
Coeburn Norton Wise,2023-03-19,2,0.0,0.09515736659412469,0,0.0,0.035805997052029234
Coeburn Norton Wise,2023-03-12,-2,0.0,0.2652387868927897,0,0.0,0.04785597684206058
Coeburn Norton Wise,2023-03-12,-1,0.0,0.37856866966230307,0,0.0,0.04785597684206058
Coeburn Norton Wise,2023-03-12,0,0.0,0.04785597684206058,0,0.0,0.04785597684206058
Coeburn Norton Wise,2023-03-12,1,0.0,0.0019003677255282703,0,0.0,0.04785597684206058
Coeburn Norton Wise,2023-03-12,2,0.0,0.5273023541661082,0,0.0,0.04785597684206058
Coeburn Norton Wise,2023-03-05,-2,0.0,0.6306852146425357,1,0.0,0.009759535959916903
Coeburn Norton Wise,2023-03-05,-1,0.0,0.8525390725425217,1,0.0,0.009759535959916903
Coeburn Norton Wise,2023-03-05,0,0.0,0.12520440713849534,1,0.0,0.009759535959916903
Coeburn Norton Wise,2023-03-05,1,0.0,0.009759535959916903,1,0.0,0.009759535959916903
Coeburn Norton Wise,2023-03-05,2,0.0,0.8734465775233149,1,0.0,0.009759535959916903
Coeburn Norton Wise,2023-02-26,-2,0.0,0.8109903943000458,,,
Coeburn Norton Wise,2023-02-26,-1,0.0,0.8944269969053026,,,
Coeburn Norton Wise,2023-02-26,0,0.0,0.32589494101284167,,,
Coeburn Norton Wise,2023-02-26,1,0.0,0.10249153979096383,,,
Coeburn Norton Wise,2023-02-26,2,0.0,0.2980892209030388,,,
Coeburn Norton Wise,2023-02-19,-2,0.0,0.2980892209030388,,,
Coeburn Norton Wise,2023-02-19,-1,0.0,0.9788365001441937,,,
Coeburn Norton Wise,2023-02-19,0,0.0,0.16014543725525882,,,
Coeburn Norton Wise,2023-02-19,1,0.0,0.05557560428877463,,,
Coeburn Norton Wise,2023-02-19,2,0.0,0.07665233333978251,,,
Coeburn Norton Wise,2023-02-12,-2,0.0,0.12520440713849534,1,0.0,0.025984133918765504
Coeburn Norton Wise,2023-02-12,-1,0.0,0.37008312228206786,1,0.0,0.025984133918765504
Coeburn Norton Wise,2023-02-12,0,0.0,0.7495085962341482,1,0.0,0.025984133918765504
Coeburn Norton Wise,2023-02-12,1,0.0,0.025984133918765504,1,0.0,0.025984133918765504
Coeburn Norton Wise,2023-02-12,2,0.0,0.39213583771594773,1,0.0,0.025984133918765504
Coeburn Norton Wise,2023-02-05,-2,0.0,0.08155281477260236,1,0.0,0.02509667588225183
Coeburn Norton Wise,2023-02-05,-1,0.0,0.2930500752928223,1,0.0,0.02509667588225183
Coeburn Norton Wise,2023-02-05,0,0.0,0.7514196523258483,1,0.0,0.02509667588225183
Coeburn Norton Wise,2023-02-05,1,0.0,0.02509667588225183,1,0.0,0.02509667588225183
Coeburn Norton Wise,2023-02-05,2,0.0,0.465684706386463,1,0.0,0.02509667588225183
Coeburn Norton Wise,2023-01-29,-2,0.0,0.24428229408662638,,,
Coeburn Norton Wise,2023-01-29,-1,0.0,0.5563057751029299,,,
Coeburn Norton Wise,2023-01-29,0,0.0,0.907363817812816,,,
Coeburn Norton Wise,2023-01-29,1,0.0,0.07278593695976274,,,
Coeburn Norton Wise,2023-01-29,2,0.0,0.7756636846367881,,,
Coeburn Norton Wise,2023-01-22,-2,0.0,0.5108853175152002,,,
Coeburn Norton Wise,2023-01-22,-1,0.0,0.3848412302612835,,,
Coeburn Norton Wise,2023-01-22,0,0.0,1.0,,,
Coeburn Norton Wise,2023-01-22,1,0.0,0.08324762708549167,,,
Coeburn Norton Wise,2023-01-22,2,0.0,0.2850413039427343,,,
Coeburn Norton Wise,2023-01-15,-2,0.0,0.5795840000000001,,,
Coeburn Norton Wise,2023-01-15,-1,0.0,0.433925839676929,,,
Coeburn Norton Wise,2023-01-15,0,0.0,0.9599974002377397,,,
Coeburn Norton Wise,2023-01-15,1,0.0,0.06842652097801812,,,
Coeburn Norton Wise,2023-01-15,2,0.0,0.2974652193057807,,,
Coeburn Norton Wise,2023-01-08,-2,0.0,0.5666951380068741,,,
Coeburn Norton Wise,2023-01-08,-1,0.0,0.47509694061174745,,,
Coeburn Norton Wise,2023-01-08,0,0.0,0.919331271845734,,,
Coeburn Norton Wise,2023-01-08,1,0.0,0.127088890420662,,,
Coeburn Norton Wise,2023-01-08,2,0.0,0.3526052159105859,,,
Coeburn Norton Wise,2023-01-01,-2,0.0,0.7499398453270247,,,
Coeburn Norton Wise,2023-01-01,-1,0.0,0.5269017021477522,,,
Coeburn Norton Wise,2023-01-01,0,0.0,0.7978942201448974,,,
Coeburn Norton Wise,2023-01-01,1,0.0,0.14066020983563246,,,
Coeburn Norton Wise,2023-01-01,2,0.0,0.714067365653966,,,
Coeburn Norton Wise,2022-12-25,-2,0.0,0.86587749088509,,,
Coeburn Norton Wise,2022-12-25,-1,0.0,0.643192461605714,,,
Coeburn Norton Wise,2022-12-25,0,0.0,0.5743081548683263,,,
Coeburn Norton Wise,2022-12-25,1,0.0,0.3624923134080367,,,
Coeburn Norton Wise,2022-12-25,2,0.0,0.3929668034066359,,,
Coeburn Norton Wise,2022-12-18,-2,0.0,0.4340066161459317,,,
Coeburn Norton Wise,2022-12-18,-1,0.0,0.7939889709761767,,,
Coeburn Norton Wise,2022-12-18,0,0.0,0.8619694512492188,,,
Coeburn Norton Wise,2022-12-18,1,0.0,0.7671185519911621,,,
Coeburn Norton Wise,2022-12-18,2,0.0,0.5215040268166355,,,
Coeburn Norton Wise,2022-12-11,-2,0.0,0.19517103676427242,,,
Coeburn Norton Wise,2022-12-11,-1,0.0,0.7729225090025574,,,
Coeburn Norton Wise,2022-12-11,0,0.0,0.8154566255175991,,,
Coeburn Norton Wise,2022-12-11,1,0.0,0.8797824993055596,,,
Coeburn Norton Wise,2022-12-11,2,0.0,0.5215040268166355,,,
Coeburn Norton Wise,2022-12-04,-2,0.0,0.20633718021385367,,,
Coeburn Norton Wise,2022-12-04,-1,0.0,0.6998794762811689,,,
Coeburn Norton Wise,2022-12-04,0,0.0,0.4858495317280954,,,
Coeburn Norton Wise,2022-12-04,1,0.0,0.533129159665622,,,
Coeburn Norton Wise,2022-12-04,2,0.0,0.5913380407604438,,,
Moores Creek,2023-05-07,-2,0.0,0.1382652831590591,,,
Moores Creek,2023-05-07,-1,0.0,0.15258626441695178,,,
Moores Creek,2023-05-07,0,0.0,0.9563821745271567,,,
Moores Creek,2023-05-07,1,0.0,0.24144565159759615,,,
Moores Creek,2023-05-07,2,0.0,0.06526561384995089,,,
Moores Creek,2023-04-30,-2,0.6097794567837563,0.04638003493094511,-2,0.6097794567837563,0.04638003493094511
Moores Creek,2023-04-30,-1,0.0,0.08531427858974135,-2,0.6097794567837563,0.04638003493094511
Moores Creek,2023-04-30,0,0.0,0.6373312191463865,-2,0.6097794567837563,0.04638003493094511
Moores Creek,2023-04-30,1,0.0,0.10850494319776034,-2,0.6097794567837563,0.04638003493094511
Moores Creek,2023-04-30,2,0.0,0.028437681282095856,-2,0.6097794567837563,0.04638003493094511
Moores Creek,2023-04-23,-2,0.6584576171375297,0.01990157196551709,-2,0.6584576171375297,0.01990157196551709
Moores Creek,2023-04-23,-1,0.0,0.05174471496366294,-2,0.6584576171375297,0.01990157196551709
Moores Creek,2023-04-23,0,0.0,0.3867453190787373,-2,0.6584576171375297,0.01990157196551709
Moores Creek,2023-04-23,1,0.0,0.05919766173853353,-2,0.6584576171375297,0.01990157196551709
Moores Creek,2023-04-23,2,0.0,0.010174007221151953,-2,0.6584576171375297,0.01990157196551709
Moores Creek,2023-04-16,-2,0.7067534927402196,0.010174007221151953,-2,0.7067534927402196,0.010174007221151953
Moores Creek,2023-04-16,-1,0.0,0.02050278396137473,-2,0.7067534927402196,0.010174007221151953
Moores Creek,2023-04-16,0,0.0,0.24974323992873987,-2,0.7067534927402196,0.010174007221151953
Moores Creek,2023-04-16,1,0.0,0.02305231965744272,-2,0.7067534927402196,0.010174007221151953
Moores Creek,2023-04-16,2,0.0,0.003572257686713231,-2,0.7067534927402196,0.010174007221151953
Moores Creek,2023-04-09,-2,0.687857433333891,0.01341740772226457,-2,0.687857433333891,0.01341740772226457
Moores Creek,2023-04-09,-1,0.0,0.01455897038291422,-2,0.687857433333891,0.01341740772226457
Moores Creek,2023-04-09,0,0.0,0.10487367037948425,-2,0.687857433333891,0.01341740772226457
Moores Creek,2023-04-09,1,0.0,0.027338200971216878,-2,0.687857433333891,0.01341740772226457
Moores Creek,2023-04-09,2,0.0,0.006865963594461681,-2,0.687857433333891,0.01341740772226457
Moores Creek,2023-04-02,-2,0.6360781434661976,0.026185080112098434,-1,0.6714158181032086,0.016811937004845935
Moores Creek,2023-04-02,-1,0.6714158181032086,0.016811937004845935,-1,0.6714158181032086,0.016811937004845935
Moores Creek,2023-04-02,0,0.0,0.04847964480878838,-1,0.6714158181032086,0.016811937004845935
Moores Creek,2023-04-02,1,0.0,0.02241856943497024,-1,0.6714158181032086,0.016811937004845935
Moores Creek,2023-04-02,2,0.0,0.002331821308474204,-1,0.6714158181032086,0.016811937004845935
Moores Creek,2023-03-26,-2,0.6502132133210019,0.022071442081285274,-1,0.685700408055466,0.013831024321914789
Moores Creek,2023-03-26,-1,0.685700408055466,0.013831024321914789,-1,0.685700408055466,0.013831024321914789
Moores Creek,2023-03-26,0,0.0,0.01623032739118385,-1,0.685700408055466,0.013831024321914789
Moores Creek,2023-03-26,1,0.0,0.015491491381877802,-1,0.685700408055466,0.013831024321914789
Moores Creek,2023-03-26,2,0.0,0.0027977138993796474,-1,0.685700408055466,0.013831024321914789
Moores Creek,2023-03-19,-2,0.6643832969242077,0.01844130263605588,0,0.7737672968179261,0.003146673780370728
Moores Creek,2023-03-19,-1,0.681218027376483,0.014720556483671324,0,0.7737672968179261,0.003146673780370728
Moores Creek,2023-03-19,0,0.7737672968179261,0.003146673780370728,0,0.7737672968179261,0.003146673780370728
Moores Creek,2023-03-19,1,0.0,0.006269747864556397,0,0.7737672968179261,0.003146673780370728
Moores Creek,2023-03-19,2,0.0,0.0042716701805429,0,0.7737672968179261,0.003146673780370728
Moores Creek,2023-03-12,-2,0.602340150522364,0.03820513883004102,0,0.811516378437229,0.00135232476740097
Moores Creek,2023-03-12,-1,0.7309783218786859,0.006916132913356851,0,0.811516378437229,0.00135232476740097
Moores Creek,2023-03-12,0,0.811516378437229,0.00135232476740097,0,0.811516378437229,0.00135232476740097
Moores Creek,2023-03-12,1,0.0,0.009937694136257188,0,0.811516378437229,0.00135232476740097
Moores Creek,2023-03-12,2,0.0,0.029292737760230635,0,0.811516378437229,0.00135232476740097
Moores Creek,2023-03-05,-2,0.0,0.057304020860518674,-1,0.0,0.0086008917808537
Moores Creek,2023-03-05,-1,0.0,0.0086008917808537,-1,0.0,0.0086008917808537
Moores Creek,2023-03-05,0,0.0,0.0016419572477932793,-1,0.0,0.0086008917808537
Moores Creek,2023-03-05,1,0.0,0.00995452023899485,-1,0.0,0.0086008917808537
Moores Creek,2023-03-05,2,0.0,0.036680976494041485,-1,0.0,0.0086008917808537
Moores Creek,2023-02-26,-2,0.6559913683309221,0.028392112890163957,0,0.8374357893586237,0.0012964420803659668
Moores Creek,2023-02-26,-1,0.707167999902838,0.01494376973672284,0,0.8374357893586237,0.0012964420803659668
Moores Creek,2023-02-26,0,0.8374357893586237,0.0012964420803659668,0,0.8374357893586237,0.0012964420803659668
Moores Creek,2023-02-26,1,0.0,0.19993393031168433,0,0.8374357893586237,0.0012964420803659668
Moores Creek,2023-02-26,2,0.0,0.38966960642016013,0,0.8374357893586237,0.0012964420803659668
Moores Creek,2023-02-19,-2,0.6559913683309221,0.028392112890163957,-1,0.6606437893829143,0.026908806330395406
Moores Creek,2023-02-19,-1,0.6606437893829143,0.026908806330395406,-1,0.6606437893829143,0.026908806330395406
Moores Creek,2023-02-19,0,0.0,0.06856079214387784,-1,0.6606437893829143,0.026908806330395406
Moores Creek,2023-02-19,1,0.0,0.935068184042559,-1,0.6606437893829143,0.026908806330395406
Moores Creek,2023-02-19,2,0.0,0.5092119949025773,-1,0.6606437893829143,0.026908806330395406
Moores Creek,2023-02-12,-2,0.0,0.13156394668694835,,,
Moores Creek,2023-02-12,-1,0.0,0.06056555940962282,,,
Moores Creek,2023-02-12,0,0.0,0.18908256374107477,,,
Moores Creek,2023-02-12,1,0.0,0.4390683517334445,,,
Moores Creek,2023-02-12,2,0.0,0.5324169870362048,,,
Moores Creek,2023-02-05,-2,0.0,0.21312472676070413,,,
Moores Creek,2023-02-05,-1,0.0,0.10402705909535531,,,
Moores Creek,2023-02-05,0,0.0,0.2767762976520356,,,
Moores Creek,2023-02-05,1,0.0,0.4614050713614083,,,
Moores Creek,2023-02-05,2,0.0,0.553835993239951,,,
Moores Creek,2023-01-29,-2,0.0,0.36911643779794034,,,
Moores Creek,2023-01-29,-1,0.0,0.11385241441710078,,,
Moores Creek,2023-01-29,0,0.0,0.09346396626964014,,,
Moores Creek,2023-01-29,1,0.0,0.7244360974087536,,,
Moores Creek,2023-01-29,2,0.0,0.4385301695969881,,,
Moores Creek,2023-01-22,-2,0.0,0.0993224803649862,-1,0.0,0.03922326475029201
Moores Creek,2023-01-22,-1,0.0,0.03922326475029201,-1,0.0,0.03922326475029201
Moores Creek,2023-01-22,0,0.0,0.05184120984456854,-1,0.0,0.03922326475029201
Moores Creek,2023-01-22,1,0.0,0.7736158139144371,-1,0.0,0.03922326475029201
Moores Creek,2023-01-22,2,0.0,0.9461800987252644,-1,0.0,0.03922326475029201
Moores Creek,2023-01-15,-2,0.6933037246280291,0.026203489677142103,-1,0.743916268649307,0.013627561508064353
Moores Creek,2023-01-15,-1,0.743916268649307,0.013627561508064353,-1,0.743916268649307,0.013627561508064353
Moores Creek,2023-01-15,0,0.0,0.0582052026037336,-1,0.743916268649307,0.013627561508064353
Moores Creek,2023-01-15,1,0.0,0.3112625747973301,-1,0.743916268649307,0.013627561508064353
Moores Creek,2023-01-15,2,0.0,0.4599558481382966,-1,0.743916268649307,0.013627561508064353
Moores Creek,2023-01-08,-2,0.6585488279846325,0.03839986297073767,-1,0.6893123494842632,0.027446067312172348
Moores Creek,2023-01-08,-1,0.6893123494842632,0.027446067312172348,-1,0.6893123494842632,0.027446067312172348
Moores Creek,2023-01-08,0,0.0,0.07585271082483265,-1,0.6893123494842632,0.027446067312172348
Moores Creek,2023-01-08,1,0.0,0.3294204634993368,-1,0.6893123494842632,0.027446067312172348
Moores Creek,2023-01-08,2,0.0,0.365735669866789,-1,0.6893123494842632,0.027446067312172348
Moores Creek,2023-01-01,-2,0.8247129895615292,0.0033233431629506893,-2,0.8247129895615292,0.0033233431629506893
Moores Creek,2023-01-01,-1,0.0,0.025546427528976116,-2,0.8247129895615292,0.0033233431629506893
Moores Creek,2023-01-01,0,0.0,0.0966450001324184,-2,0.8247129895615292,0.0033233431629506893
Moores Creek,2023-01-01,1,0.0,0.708302177511209,-2,0.8247129895615292,0.0033233431629506893
Moores Creek,2023-01-01,2,0.0,0.5487708744891453,-2,0.8247129895615292,0.0033233431629506893
Moores Creek,2022-12-25,-2,0.848830122120741,0.0018958315375101201,-2,0.848830122120741,0.0018958315375101201
Moores Creek,2022-12-25,-1,0.0,0.024012266014999117,-2,0.848830122120741,0.0018958315375101201
Moores Creek,2022-12-25,0,0.0,0.613449708008412,-2,0.848830122120741,0.0018958315375101201
Moores Creek,2022-12-25,1,0.0,0.759169944881091,-2,0.848830122120741,0.0018958315375101201
Moores Creek,2022-12-25,2,0.0,0.9258129280948771,-2,0.848830122120741,0.0018958315375101201
Moores Creek,2022-12-18,-2,0.7994436422882616,0.005512992773317831,-2,0.7994436422882616,0.005512992773317831
Moores Creek,2022-12-18,-1,0.0,0.075525864340552,-2,0.7994436422882616,0.005512992773317831
Moores Creek,2022-12-18,0,0.0,0.9661418290635759,-2,0.7994436422882616,0.005512992773317831
Moores Creek,2022-12-18,1,0.0,0.6829223777866165,-2,0.7994436422882616,0.005512992773317831
Moores Creek,2022-12-18,2,0.0,0.852627567723996,-2,0.7994436422882616,0.005512992773317831
Moores Creek,2022-12-11,-2,0.0,0.15030558965708554,,,
Moores Creek,2022-12-11,-1,0.0,0.5912869354348398,,,
Moores Creek,2022-12-11,0,0.0,0.42988282398517264,,,
Moores Creek,2022-12-11,1,0.0,0.6829223777866165,,,
Moores Creek,2022-12-11,2,0.0,0.852627567723996,,,
Lynchburg,2023-05-07,-2,0.0,0.6670071768641199,,,
Lynchburg,2023-05-07,-1,0.0,0.10328694145249732,,,
Lynchburg,2023-05-07,0,0.0,0.247499706195629,,,
Lynchburg,2023-05-07,1,0.0,0.16809795445731865,,,
Lynchburg,2023-05-07,2,0.0,0.08359096027024587,,,
Lynchburg,2023-04-30,-2,0.0,0.8778575324154226,,,
Lynchburg,2023-04-30,-1,0.0,0.17599982595870467,,,
Lynchburg,2023-04-30,0,0.0,0.44754690188785695,,,
Lynchburg,2023-04-30,1,0.0,0.3957204290001085,,,
Lynchburg,2023-04-30,2,0.0,0.206330444581084,,,
Lynchburg,2023-04-23,-2,0.0,0.45778316872362856,,,
Lynchburg,2023-04-23,-1,0.0,0.21895367196208068,,,
Lynchburg,2023-04-23,0,0.0,0.5628083358526808,,,
Lynchburg,2023-04-23,1,0.0,0.5628083358526808,,,
Lynchburg,2023-04-23,2,0.0,0.30611836706834017,,,
Lynchburg,2023-04-16,-2,0.0,0.27549325889487675,,,
Lynchburg,2023-04-16,-1,0.0,0.126165273765178,,,
Lynchburg,2023-04-16,0,0.0,0.408577340138624,,,
Lynchburg,2023-04-16,1,0.0,0.3957204290001085,,,
Lynchburg,2023-04-16,2,0.0,0.422481142333308,,,
Lynchburg,2023-04-09,-2,0.0,0.15935530166258027,,,
Lynchburg,2023-04-09,-1,0.0,0.0538084250667355,,,
Lynchburg,2023-04-09,0,0.0,0.2685842098835444,,,
Lynchburg,2023-04-09,1,0.0,0.2852260872486308,,,
Lynchburg,2023-04-09,2,0.0,0.31260167621841195,,,
Lynchburg,2023-04-02,-2,0.0,0.15935530166258027,-1,0.0,0.045268240556733515
Lynchburg,2023-04-02,-1,0.0,0.045268240556733515,-1,0.0,0.045268240556733515
Lynchburg,2023-04-02,0,0.0,0.2905884894424696,-1,0.0,0.045268240556733515
Lynchburg,2023-04-02,1,0.0,0.2852260872486308,-1,0.0,0.045268240556733515
Lynchburg,2023-04-02,2,0.0,0.35929281767147814,-1,0.0,0.045268240556733515
Lynchburg,2023-03-26,-2,0.0,0.1631414565137672,,,
Lynchburg,2023-03-26,-1,0.0,0.0619578253998606,,,
Lynchburg,2023-03-26,0,0.0,0.2799203496864415,,,
Lynchburg,2023-03-26,1,0.0,0.35326505938428154,,,
Lynchburg,2023-03-26,2,0.0,0.9053700700498719,,,
Lynchburg,2023-03-19,-2,0.0,0.16205750617523712,-1,0.0,0.02796025965102626
Lynchburg,2023-03-19,-1,0.0,0.02796025965102626,-1,0.0,0.02796025965102626
Lynchburg,2023-03-19,0,0.0,0.14031277047271032,-1,0.0,0.02796025965102626
Lynchburg,2023-03-19,1,0.0,0.8541546246233473,-1,0.0,0.02796025965102626
Lynchburg,2023-03-19,2,0.0,0.7866940142086327,-1,0.0,0.02796025965102626
Lynchburg,2023-03-12,-2,0.6444843508712786,0.023677347580348156,-1,0.8266212326392487,0.000915011267983691
Lynchburg,2023-03-12,-1,0.8266212326392487,0.000915011267983691,-1,0.8266212326392487,0.000915011267983691
Lynchburg,2023-03-12,0,0.0,0.01301224318408305,-1,0.8266212326392487,0.000915011267983691
Lynchburg,2023-03-12,1,0.0,0.3014826974614558,-1,0.8266212326392487,0.000915011267983691
Lynchburg,2023-03-12,2,0.0,0.48366596570100795,-1,0.8266212326392487,0.000915011267983691
Lynchburg,2023-03-05,-2,0.615035764230577,0.04401852763550924,-1,0.8291593265923334,0.001600721849777741
Lynchburg,2023-03-05,-1,0.8291593265923334,0.001600721849777741,-1,0.8291593265923334,0.001600721849777741
Lynchburg,2023-03-05,0,0.0,0.02163657847669864,-1,0.8291593265923334,0.001600721849777741
Lynchburg,2023-03-05,1,0.0,0.4658743985529924,-1,0.8291593265923334,0.001600721849777741
Lynchburg,2023-03-05,2,0.0,0.7286875040111365,-1,0.8291593265923334,0.001600721849777741
Lynchburg,2023-02-26,-2,0.6090909090909091,0.04669570935409886,-2,0.6090909090909091,0.04669570935409886
Lynchburg,2023-02-26,-1,0.0,0.08895341813596276,-2,0.6090909090909091,0.04669570935409886
Lynchburg,2023-02-26,0,0.0,0.014552051953727704,-2,0.6090909090909091,0.04669570935409886
Lynchburg,2023-02-26,1,0.0,0.831716405381337,-2,0.6090909090909091,0.04669570935409886
Lynchburg,2023-02-26,2,0.0,0.5637442329087623,-2,0.6090909090909091,0.04669570935409886
Lynchburg,2023-02-19,-2,0.0,0.20057021703405067,,,
Lynchburg,2023-02-19,-1,0.0,0.20057021703405067,,,
Lynchburg,2023-02-19,0,0.0,0.07665233333978251,,,
Lynchburg,2023-02-19,1,0.0,0.29691485140291024,,,
Lynchburg,2023-02-19,2,0.0,0.32472720706929753,,,
Lynchburg,2023-02-12,-2,0.0,0.72928477951978,,,
Lynchburg,2023-02-12,-1,0.0,0.32589494101284167,,,
Lynchburg,2023-02-12,0,0.0,0.08181234808652157,,,
Lynchburg,2023-02-12,1,0.0,0.6107177393174041,,,
Lynchburg,2023-02-12,2,0.0,0.7693624440895604,,,
Lynchburg,2023-02-05,-2,0.0,0.6271883447764844,,,
Lynchburg,2023-02-05,-1,0.0,0.5334005612725947,,,
Lynchburg,2023-02-05,0,0.0,0.11599132062584641,,,
Lynchburg,2023-02-05,1,0.0,0.8543750609172778,,,
Lynchburg,2023-02-05,2,0.0,0.9070828390046616,,,
Lynchburg,2023-01-29,-2,0.0,0.7769984634438898,0,0.0,0.014075178336931775
Lynchburg,2023-01-29,-1,0.0,0.433925839676929,0,0.0,0.014075178336931775
Lynchburg,2023-01-29,0,0.0,0.014075178336931775,0,0.0,0.014075178336931775
Lynchburg,2023-01-29,1,0.0,0.6020947513149705,0,0.0,0.014075178336931775
Lynchburg,2023-01-29,2,0.0,0.6129641414000455,0,0.0,0.014075178336931775
Lynchburg,2023-01-22,-2,0.0,0.6382593583672791,0,0.0,0.0031797140860104155
Lynchburg,2023-01-22,-1,0.0,0.1853967644537158,0,0.0,0.0031797140860104155
Lynchburg,2023-01-22,0,0.0,0.0031797140860104155,0,0.0,0.0031797140860104155
Lynchburg,2023-01-22,1,0.0,0.22598197553938945,0,0.0,0.0031797140860104155
Lynchburg,2023-01-22,2,0.0,0.9599974002377397,0,0.0,0.0031797140860104155
Lynchburg,2023-01-15,-2,0.0,0.20584999674311066,0,0.0,0.001956376088301853
Lynchburg,2023-01-15,-1,0.0,0.05582263340222192,0,0.0,0.001956376088301853
Lynchburg,2023-01-15,0,0.0,0.001956376088301853,0,0.0,0.001956376088301853
Lynchburg,2023-01-15,1,0.0,0.39167998252001834,0,0.0,0.001956376088301853
Lynchburg,2023-01-15,2,0.0,0.9461800987252644,0,0.0,0.001956376088301853
Lynchburg,2023-01-08,-2,0.0,0.06225488170893071,-1,0.0,0.013627561508064353
Lynchburg,2023-01-08,-1,0.0,0.013627561508064353,-1,0.0,0.013627561508064353
Lynchburg,2023-01-08,0,0.0,0.020521411876850356,-1,0.0,0.013627561508064353
Lynchburg,2023-01-08,1,0.0,0.38704903568768656,-1,0.0,0.013627561508064353
Lynchburg,2023-01-08,2,0.0,0.734780145679172,-1,0.0,0.013627561508064353
Lynchburg,2023-01-01,-2,0.6707441766510146,0.033758136992652774,-1,0.7561116173156892,0.011393129892696443
Lynchburg,2023-01-01,-1,0.7561116173156892,0.011393129892696443,-1,0.7561116173156892,0.011393129892696443
Lynchburg,2023-01-01,0,0.0,0.01738531000782406,-1,0.7561116173156892,0.011393129892696443
Lynchburg,2023-01-01,1,0.0,0.5617761516893175,-1,0.7561116173156892,0.011393129892696443
Lynchburg,2023-01-01,2,0.0,0.698283582238183,-1,0.7561116173156892,0.011393129892696443
Lynchburg,2022-12-25,-2,0.0,0.05485939233686208,-1,0.0,0.006807282623787277
Lynchburg,2022-12-25,-1,0.0,0.006807282623787277,-1,0.0,0.006807282623787277
Lynchburg,2022-12-25,0,0.0,0.17280900196578533,-1,0.0,0.006807282623787277
Lynchburg,2022-12-25,1,0.0,0.6732178199022388,-1,0.0,0.006807282623787277
Lynchburg,2022-12-25,2,0.0,0.18986898570022342,-1,0.0,0.006807282623787277
Lynchburg,2022-12-18,-2,0.0,,,,
Lynchburg,2022-12-18,-1,0.0,,,,
Lynchburg,2022-12-18,0,0.0,,,,
Lynchburg,2022-12-18,1,0.0,0.9828082229567339,,,
Lynchburg,2022-12-18,2,0.0,0.1733632600087143,,,
